-- --------------------------------------------------------
-- Host:                         127.0.0.1
-- Server version:               8.0.30 - MySQL Community Server - GPL
-- Server OS:                    Win64
-- HeidiSQL Version:             12.1.0.6537
-- --------------------------------------------------------

/*!40101 SET @OLD_CHARACTER_SET_CLIENT=@@CHARACTER_SET_CLIENT */;
/*!40101 SET NAMES utf8 */;
/*!50503 SET NAMES utf8mb4 */;
/*!40103 SET @OLD_TIME_ZONE=@@TIME_ZONE */;
/*!40103 SET TIME_ZONE='+00:00' */;
/*!40014 SET @OLD_FOREIGN_KEY_CHECKS=@@FOREIGN_KEY_CHECKS, FOREIGN_KEY_CHECKS=0 */;
/*!40101 SET @OLD_SQL_MODE=@@SQL_MODE, SQL_MODE='NO_AUTO_VALUE_ON_ZERO' */;
/*!40111 SET @OLD_SQL_NOTES=@@SQL_NOTES, SQL_NOTES=0 */;


-- Dumping database structure for payroll_sys
CREATE DATABASE IF NOT EXISTS `payroll_sys` /*!40100 DEFAULT CHARACTER SET utf8mb4 COLLATE utf8mb4_general_ci */ /*!80016 DEFAULT ENCRYPTION='N' */;
USE `payroll_sys`;

-- Dumping structure for table payroll_sys.allowance
CREATE TABLE IF NOT EXISTS `allowance` (
  `alw_id` int NOT NULL AUTO_INCREMENT,
  `clothing` int NOT NULL,
  `rice` int NOT NULL,
  `phone` int NOT NULL,
  `total_amount` int NOT NULL,
  `dateCreated` date NOT NULL,
  `dateModified` datetime NOT NULL,
  `employee_id` int DEFAULT NULL,
  PRIMARY KEY (`alw_id`),
  KEY `FK_allowance_employee` (`employee_id`),
  CONSTRAINT `FK_allowance_employee` FOREIGN KEY (`employee_id`) REFERENCES `employee` (`employee_id`)
) ENGINE=InnoDB AUTO_INCREMENT=55 DEFAULT CHARSET=utf8mb4 COLLATE=utf8mb4_general_ci;

-- Dumping data for table payroll_sys.allowance: ~34 rows (approximately)
INSERT INTO `allowance` (`alw_id`, `clothing`, `rice`, `phone`, `total_amount`, `dateCreated`, `dateModified`, `employee_id`) VALUES
	(3, 2500, 4000, 2100, 8600, '2024-04-19', '2024-07-12 21:19:01', 6),
	(4, 1500, 2000, 1000, 4500, '2024-04-19', '2024-04-19 09:08:29', 7),
	(5, 1500, 2000, 1000, 4500, '2024-04-19', '2024-04-19 09:08:29', 8),
	(6, 1500, 2000, 1000, 4500, '2024-04-19', '2024-04-19 09:08:29', 9),
	(7, 1500, 1000, 1000, 3500, '2024-04-19', '2024-04-19 09:11:44', 10),
	(8, 1500, 1000, 1000, 3500, '2024-04-19', '2024-04-19 09:11:44', 11),
	(9, 1500, 800, 800, 3100, '2024-04-19', '2024-04-19 09:19:26', 12),
	(10, 1500, 500, 500, 2500, '2024-04-19', '2024-04-19 09:19:26', 13),
	(11, 1500, 500, 500, 2500, '2024-04-19', '2024-04-19 09:19:26', 14),
	(12, 1500, 1000, 1000, 3500, '2024-04-19', '2024-04-19 09:23:43', 15),
	(13, 1500, 1000, 1000, 3500, '2024-04-19', '2024-04-19 09:26:17', 16),
	(14, 1500, 800, 800, 3100, '2024-04-19', '2024-04-19 09:19:26', 17),
	(15, 1500, 500, 500, 2000, '2024-04-19', '2024-04-19 09:19:26', 18),
	(16, 1500, 500, 500, 2000, '2024-04-19', '2024-04-19 09:19:26', 19),
	(17, 1500, 1000, 1000, 3500, '2024-04-19', '2024-04-19 09:31:57', 20),
	(18, 1500, 800, 800, 3100, '2024-04-19', '2024-04-19 09:19:26', 21),
	(19, 1500, 800, 800, 3100, '2024-04-19', '2024-04-19 09:19:26', 22),
	(20, 1500, 500, 500, 2000, '2024-04-19', '2024-04-19 09:19:26', 23),
	(21, 1500, 500, 500, 2000, '2024-04-19', '2024-04-19 09:19:26', 24),
	(22, 1500, 500, 500, 2000, '2024-04-19', '2024-04-19 09:19:26', 26),
	(23, 1500, 500, 500, 2000, '2024-04-19', '2024-04-19 09:19:26', 25),
	(24, 1500, 500, 500, 2000, '2024-04-19', '2024-04-19 09:19:26', 27),
	(25, 1500, 500, 500, 2000, '2024-04-19', '2024-04-19 09:19:26', 28),
	(26, 1500, 500, 500, 2000, '2024-04-19', '2024-04-19 09:19:26', 29),
	(27, 1500, 500, 500, 2000, '2024-04-19', '2024-04-19 09:19:26', 30),
	(28, 1500, 500, 500, 2000, '2024-04-19', '2024-04-19 09:19:26', 31),
	(29, 1500, 500, 500, 2000, '2024-04-19', '2024-04-19 09:19:26', 32),
	(30, 1500, 500, 500, 2000, '2024-04-19', '2024-04-19 09:19:26', 33),
	(31, 1500, 500, 500, 2000, '2024-04-19', '2024-04-19 09:19:26', 34),
	(32, 1500, 500, 500, 2000, '2024-04-19', '2024-04-19 09:19:26', 35),
	(33, 1500, 500, 500, 2000, '2024-04-19', '2024-04-19 09:19:26', 36),
	(34, 1500, 1000, 1000, 3500, '2024-04-19', '2024-04-19 09:23:43', 37),
	(35, 1500, 1000, 1000, 3500, '2024-04-19', '2024-04-19 09:23:43', 38),
	(36, 1500, 1000, 1000, 3500, '2024-04-19', '2024-04-19 09:23:43', 39),
	(43, 1000, 1000, 1000, 3000, '2024-06-05', '2024-06-05 19:44:54', 52),
	(46, 800, 1500, 800, 3100, '2024-07-05', '2024-07-05 10:15:48', 55),
	(47, 800, 1500, 800, 3100, '2024-07-05', '2024-07-05 10:42:56', 56),
	(48, 1000, 1500, 1000, 3500, '2024-07-05', '2024-07-05 10:44:08', 57),
	(51, 1500, 1200, 800, 3500, '2024-07-13', '2024-07-13 12:51:45', 10095),
	(52, 1500, 1200, 800, 3500, '2024-07-13', '2024-07-13 12:51:45', 10096),
	(53, 1500, 1200, 800, 3500, '2024-07-13', '2024-07-13 12:51:45', 10097),
	(54, 1500, 1200, 800, 3500, '2024-07-13', '2024-07-13 12:51:45', 10099);

-- Dumping structure for table payroll_sys.deduction
CREATE TABLE IF NOT EXISTS `deduction` (
  `deduction_id` int NOT NULL AUTO_INCREMENT,
  `employee_id` int DEFAULT NULL,
  `sss` decimal(20,2) NOT NULL,
  `philhealth` decimal(20,2) NOT NULL,
  `pagibig` decimal(20,2) NOT NULL,
  `total_contribution` decimal(20,2) NOT NULL,
  `date_created` date NOT NULL,
  PRIMARY KEY (`deduction_id`),
  KEY `FK__employee` (`employee_id`),
  CONSTRAINT `FK__employee` FOREIGN KEY (`employee_id`) REFERENCES `employee` (`employee_id`)
) ENGINE=InnoDB AUTO_INCREMENT=129 DEFAULT CHARSET=utf8mb4 COLLATE=utf8mb4_general_ci;

-- Dumping data for table payroll_sys.deduction: ~94 rows (approximately)
INSERT INTO `deduction` (`deduction_id`, `employee_id`, `sss`, `philhealth`, `pagibig`, `total_contribution`, `date_created`) VALUES
	(1, 6, 1125.00, 900.00, 100.00, 2125.00, '2024-07-17'),
	(2, 7, 1125.00, 900.00, 100.00, 2125.00, '2024-07-17'),
	(3, 8, 1125.00, 900.00, 100.00, 2125.00, '2024-07-17'),
	(4, 9, 1125.00, 900.00, 100.00, 2125.00, '2024-07-17'),
	(5, 10, 1125.00, 790.05, 100.00, 2015.05, '2024-07-17'),
	(6, 11, 1125.00, 790.05, 100.00, 2015.05, '2024-07-17'),
	(7, 12, 1125.00, 644.63, 100.00, 1869.63, '2024-07-17'),
	(8, 13, 1125.00, 337.50, 100.00, 1562.50, '2024-07-17'),
	(9, 14, 1125.00, 337.50, 100.00, 1562.50, '2024-07-17'),
	(10, 15, 1125.00, 790.05, 100.00, 2015.05, '2024-07-17'),
	(11, 16, 1125.00, 762.38, 100.00, 1987.38, '2024-07-17'),
	(12, 17, 1125.00, 577.13, 100.00, 1802.13, '2024-07-17'),
	(13, 18, 1125.00, 360.00, 100.00, 1585.00, '2024-07-17'),
	(14, 19, 1125.00, 360.00, 100.00, 1585.00, '2024-07-17'),
	(15, 20, 1125.00, 802.50, 100.00, 2027.50, '2024-07-17'),
	(16, 21, 1125.00, 644.63, 100.00, 1869.63, '2024-07-17'),
	(17, 22, 1125.00, 627.75, 100.00, 1852.75, '2024-07-17'),
	(18, 23, 1125.00, 337.50, 100.00, 1562.50, '2024-07-17'),
	(19, 24, 1125.00, 337.50, 100.00, 1562.50, '2024-07-17'),
	(20, 26, 1125.00, 348.75, 100.00, 1573.75, '2024-07-17'),
	(21, 25, 1125.00, 348.75, 100.00, 1573.75, '2024-07-17'),
	(22, 27, 1125.00, 360.00, 100.00, 1585.00, '2024-07-17'),
	(23, 28, 1125.00, 337.50, 100.00, 1562.50, '2024-07-17'),
	(24, 29, 1125.00, 337.50, 100.00, 1562.50, '2024-07-17'),
	(25, 30, 1125.00, 360.00, 100.00, 1585.00, '2024-07-17'),
	(26, 31, 1125.00, 371.25, 100.00, 1596.25, '2024-07-17'),
	(27, 32, 1125.00, 371.25, 100.00, 1596.25, '2024-07-17'),
	(28, 33, 1125.00, 360.00, 100.00, 1585.00, '2024-07-17'),
	(29, 34, 1125.00, 337.50, 100.00, 1562.50, '2024-07-17'),
	(30, 35, 1125.00, 337.50, 100.00, 1562.50, '2024-07-17'),
	(31, 36, 1125.00, 337.50, 100.00, 1562.50, '2024-07-17'),
	(32, 52, 135.00, 750.00, 11.37, 896.37, '2024-07-17'),
	(33, 6, 1125.00, 900.00, 100.00, 2125.00, '2024-07-17'),
	(34, 7, 1125.00, 900.00, 100.00, 2125.00, '2024-07-17'),
	(35, 8, 1125.00, 900.00, 100.00, 2125.00, '2024-07-17'),
	(36, 9, 1125.00, 900.00, 100.00, 2125.00, '2024-07-17'),
	(37, 10, 1125.00, 790.05, 100.00, 2015.05, '2024-07-17'),
	(38, 11, 1125.00, 790.05, 100.00, 2015.05, '2024-07-17'),
	(39, 12, 1125.00, 644.63, 100.00, 1869.63, '2024-07-17'),
	(40, 13, 1125.00, 337.50, 100.00, 1562.50, '2024-07-17'),
	(41, 14, 1125.00, 337.50, 100.00, 1562.50, '2024-07-17'),
	(42, 15, 1125.00, 790.05, 100.00, 2015.05, '2024-07-17'),
	(43, 16, 1125.00, 762.38, 100.00, 1987.38, '2024-07-17'),
	(44, 17, 1125.00, 577.13, 100.00, 1802.13, '2024-07-17'),
	(45, 18, 1125.00, 360.00, 100.00, 1585.00, '2024-07-17'),
	(46, 19, 1125.00, 360.00, 100.00, 1585.00, '2024-07-17'),
	(47, 20, 1125.00, 802.50, 100.00, 2027.50, '2024-07-17'),
	(48, 21, 1125.00, 644.63, 100.00, 1869.63, '2024-07-17'),
	(49, 22, 1125.00, 627.75, 100.00, 1852.75, '2024-07-17'),
	(50, 23, 1125.00, 337.50, 100.00, 1562.50, '2024-07-17'),
	(51, 24, 1125.00, 337.50, 100.00, 1562.50, '2024-07-17'),
	(52, 26, 1125.00, 348.75, 100.00, 1573.75, '2024-07-17'),
	(53, 25, 1125.00, 348.75, 100.00, 1573.75, '2024-07-17'),
	(54, 27, 1125.00, 360.00, 100.00, 1585.00, '2024-07-17'),
	(55, 28, 1125.00, 337.50, 100.00, 1562.50, '2024-07-17'),
	(56, 29, 1125.00, 337.50, 100.00, 1562.50, '2024-07-17'),
	(57, 30, 1125.00, 360.00, 100.00, 1585.00, '2024-07-17'),
	(58, 31, 1125.00, 371.25, 100.00, 1596.25, '2024-07-17'),
	(59, 32, 1125.00, 371.25, 100.00, 1596.25, '2024-07-17'),
	(60, 33, 1125.00, 360.00, 100.00, 1585.00, '2024-07-17'),
	(61, 34, 1125.00, 337.50, 100.00, 1562.50, '2024-07-17'),
	(62, 35, 1125.00, 337.50, 100.00, 1562.50, '2024-07-17'),
	(63, 36, 1125.00, 337.50, 100.00, 1562.50, '2024-07-17'),
	(64, 6, 1125.00, 900.00, 100.00, 2125.00, '2024-07-17'),
	(65, 7, 1125.00, 900.00, 100.00, 2125.00, '2024-07-17'),
	(66, 8, 1125.00, 900.00, 100.00, 2125.00, '2024-07-17'),
	(67, 9, 1125.00, 900.00, 100.00, 2125.00, '2024-07-17'),
	(68, 10, 1125.00, 790.05, 100.00, 2015.05, '2024-07-17'),
	(69, 11, 1125.00, 790.05, 100.00, 2015.05, '2024-07-17'),
	(70, 12, 1125.00, 644.63, 100.00, 1869.63, '2024-07-17'),
	(71, 13, 1125.00, 337.50, 100.00, 1562.50, '2024-07-17'),
	(72, 14, 1125.00, 337.50, 100.00, 1562.50, '2024-07-17'),
	(73, 15, 1125.00, 790.05, 100.00, 2015.05, '2024-07-17'),
	(74, 16, 1125.00, 762.38, 100.00, 1987.38, '2024-07-17'),
	(75, 17, 1125.00, 577.13, 100.00, 1802.13, '2024-07-17'),
	(76, 18, 1125.00, 360.00, 100.00, 1585.00, '2024-07-17'),
	(77, 19, 1125.00, 360.00, 100.00, 1585.00, '2024-07-17'),
	(78, 20, 1125.00, 802.50, 100.00, 2027.50, '2024-07-17'),
	(79, 21, 1125.00, 644.63, 100.00, 1869.63, '2024-07-17'),
	(80, 22, 1125.00, 627.75, 100.00, 1852.75, '2024-07-17'),
	(81, 23, 1125.00, 337.50, 100.00, 1562.50, '2024-07-17'),
	(82, 24, 1125.00, 337.50, 100.00, 1562.50, '2024-07-17'),
	(83, 26, 1125.00, 348.75, 100.00, 1573.75, '2024-07-17'),
	(84, 25, 1125.00, 348.75, 100.00, 1573.75, '2024-07-17'),
	(85, 27, 1125.00, 360.00, 100.00, 1585.00, '2024-07-17'),
	(86, 28, 1125.00, 337.50, 100.00, 1562.50, '2024-07-17'),
	(87, 29, 1125.00, 337.50, 100.00, 1562.50, '2024-07-17'),
	(88, 30, 1125.00, 360.00, 100.00, 1585.00, '2024-07-17'),
	(89, 31, 1125.00, 371.25, 100.00, 1596.25, '2024-07-17'),
	(90, 32, 1125.00, 371.25, 100.00, 1596.25, '2024-07-17'),
	(91, 33, 1125.00, 360.00, 100.00, 1585.00, '2024-07-17'),
	(92, 34, 1125.00, 337.50, 100.00, 1562.50, '2024-07-17'),
	(93, 35, 1125.00, 337.50, 100.00, 1562.50, '2024-07-17'),
	(94, 36, 1125.00, 337.50, 100.00, 1562.50, '2024-07-17');

-- Dumping structure for table payroll_sys.department
CREATE TABLE IF NOT EXISTS `department` (
  `dept_id` int NOT NULL AUTO_INCREMENT,
  `name` varchar(50) CHARACTER SET utf8mb4 COLLATE utf8mb4_general_ci NOT NULL DEFAULT '0',
  `description` varchar(255) CHARACTER SET utf8mb4 COLLATE utf8mb4_general_ci NOT NULL,
  `date_created` date NOT NULL,
  PRIMARY KEY (`dept_id`) USING BTREE
) ENGINE=InnoDB AUTO_INCREMENT=9 DEFAULT CHARSET=utf8mb4 COLLATE=utf8mb4_general_ci;

-- Dumping data for table payroll_sys.department: ~8 rows (approximately)
INSERT INTO `department` (`dept_id`, `name`, `description`, `date_created`) VALUES
	(1, 'Executive Management', 'Chief Executive Officer (CEO)', '2024-03-28'),
	(2, 'Information Technology', 'IT Operations and Systems', '2024-03-30'),
	(3, 'Human Resource', 'HR Manager\r\nHR Team Leader\r\nHR Rank and File', '2024-03-30'),
	(4, 'Accounting', 'Accounting Head\r\nAccount Manager\r\nAccount Team Leader\r\nAccount Rank and File\r\n', '2024-03-30'),
	(5, 'Sales and Marketing', 'Sales & Marketing', '2024-03-30'),
	(6, 'Supply Chain and Logistics', 'Supply Chain and Logistics', '2024-03-30'),
	(7, 'Customer Service', 'Customer Service and Relations', '2024-03-30'),
	(8, 'Finance', 'Payroll Manager\r\nPayroll Team Leader\r\nPayroll Rank and File', '2024-04-07');

-- Dumping structure for table payroll_sys.employee
CREATE TABLE IF NOT EXISTS `employee` (
  `employee_id` int NOT NULL AUTO_INCREMENT,
  `first_name` varchar(255) CHARACTER SET utf8mb4 COLLATE utf8mb4_general_ci NOT NULL,
  `last_name` varchar(255) CHARACTER SET utf8mb4 COLLATE utf8mb4_general_ci NOT NULL,
  `birthday` date NOT NULL,
  `address` varchar(255) CHARACTER SET utf8mb4 COLLATE utf8mb4_general_ci NOT NULL,
  `contact_number` varchar(20) CHARACTER SET utf8mb4 COLLATE utf8mb4_general_ci NOT NULL,
  `status` enum('Regular','Probationary') CHARACTER SET utf8mb4 COLLATE utf8mb4_general_ci NOT NULL,
  `date_hired` date DEFAULT NULL,
  `position_id` int NOT NULL,
  `supervisor` varchar(255) CHARACTER SET utf8mb4 COLLATE utf8mb4_general_ci NOT NULL,
  `dept_id` int NOT NULL,
  `sss` varchar(50) CHARACTER SET utf8mb4 COLLATE utf8mb4_general_ci NOT NULL,
  `philhealth` varchar(50) CHARACTER SET utf8mb4 COLLATE utf8mb4_general_ci NOT NULL,
  `pagibig` varchar(50) CHARACTER SET utf8mb4 COLLATE utf8mb4_general_ci NOT NULL,
  `tin` varchar(50) CHARACTER SET utf8mb4 COLLATE utf8mb4_general_ci NOT NULL,
  `basic_salary` decimal(10,2) NOT NULL,
  `gross_semi_monthly_rate` decimal(10,2) NOT NULL,
  `hourly_rate` decimal(10,2) NOT NULL,
  `isActive` bit(1) DEFAULT b'1',
  `profile_img` blob,
  PRIMARY KEY (`employee_id`),
  KEY `FK_employee_department` (`dept_id`),
  KEY `FK_employee_position` (`position_id`),
  CONSTRAINT `FK_employee_department` FOREIGN KEY (`dept_id`) REFERENCES `department` (`dept_id`),
  CONSTRAINT `FK_employee_position` FOREIGN KEY (`position_id`) REFERENCES `position` (`position_id`)
) ENGINE=InnoDB AUTO_INCREMENT=10100 DEFAULT CHARSET=utf8mb4 COLLATE=utf8mb4_general_ci;

-- Dumping data for table payroll_sys.employee: ~39 rows (approximately)
INSERT INTO `employee` (`employee_id`, `first_name`, `last_name`, `birthday`, `address`, `contact_number`, `status`, `date_hired`, `position_id`, `supervisor`, `dept_id`, `sss`, `philhealth`, `pagibig`, `tin`, `basic_salary`, `gross_semi_monthly_rate`, `hourly_rate`, `isActive`, `profile_img`) VALUES
	(6, 'Manuel IIIV', 'Garcia', '1983-10-11', 'Valero Carpark Building Valero Street 1227, Makati City', '966-860-270', 'Regular', NULL, 2, 'N/A', 2, '44-4506057-3', '820126853951', '691295330870', '442-605-657-000', 90000.00, 45000.00, 535.71, b'1', NULL),
	(7, 'Antonio James', 'Lim', '1988-06-18', 'San Antonio De Padua 2, Block 1 Lot 8 and 2, Dasmarinas, Cavite', '171-867-411', 'Regular', '2020-02-01', 2, 'Garcia, Manuel |||', 1, '52-2061274-9', '331735646338', '663904995411', '683-102-776-000', 60000.00, 30000.00, 357.14, b'1', NULL),
	(8, 'Bianca Sofia', 'Aquino', '1989-08-04', 'Rm. 402 4/F Jiao Building Timog Avenue Cor. Quezon Avenue 1100, Quezon City', '966-889-370', 'Regular', '2020-02-01', 3, 'Garcia, Manuel |||', 1, '30-8870406-2', '177451189665', '171519773969', '971-711-280-000', 60000.00, 30000.00, 357.14, b'1', NULL),
	(9, 'Isabella', 'Reyes', '1994-06-16', '460 Solanda Street Intramuros 1000, Manila', '786-868-477', 'Regular', '2020-02-01', 4, 'Garcia, Manuel |||', 1, '40-2511815-0', '341911411254', '416946776041', '876-809-437-000', 60000.00, 30000.00, 357.14, b'1', NULL),
	(10, 'Eduard', 'Hernandez', '1989-09-23', 'National Highway, Gingoog,  Misamis Occidental', '088-861-012', 'Regular', '2020-02-01', 5, 'Lim, Antonio', 2, '50-5577638-1', '957436191812', '952347222457', '031-702-374-000', 52670.00, 26335.00, 313.51, b'1', NULL),
	(11, 'Andrea Mae', 'Villanueva', '1988-02-14', '17/85 Stracke Via Suite 042, Poblacion, Las Piñas 4783 Dinagat Islands ', '918-621-603', 'Regular', '2020-02-01', 6, 'Lim, Antonio', 3, '49-1632020-8', '382189453145', '441093369646', '317-674-022-000', 52670.00, 26335.00, 313.51, b'1', NULL),
	(12, 'Brad ', 'San Jose', '1996-03-15', '99 Strosin Hills, Poblacion, Bislig 5340 Tawi-Tawi', '797-009-261', 'Regular', '2020-02-01', 7, 'Villanueva, Andrea Mae', 3, '40-2400714-1', '239192926939', '210850209964', '672-474-690-000', 42975.00, 21488.00, 255.80, b'1', NULL),
	(13, 'Alice', 'Romualdez', '1992-05-14', '12A/33 Upton Isle Apt. 420, Roxas City 1814 Surigao del Norte ', '983-606-799', 'Regular', '2020-02-01', 8, 'San, Jose Brad', 3, '55-4476527-2', '545652640232', '211385556888', '888-572-294-000', 22500.00, 11250.00, 133.93, b'1', NULL),
	(14, 'Rosie ', 'Atienza', '1948-09-24', '90A Dibbert Terrace Apt. 190, San Lorenzo 6056 Davao del Norte', '266-036-427', 'Regular', '2020-02-01', 8, 'San, Jose Brad', 3, '41-0644692-3', '708988234853', '260107732354', '604-997-793-000', 22500.00, 11250.00, 133.93, b'1', NULL),
	(15, 'Roderick', 'Alvaro', '1988-03-30', '#284 T. Morato corner, Scout Rallos Street, Quezon City', '053-381-386', 'Regular', '2020-02-01', 12, 'Aquino, Bianca Sofia ', 4, '64-7605054-4', '578114853194', '799254095212', '525-420-419-000', 52670.00, 26335.00, 313.51, b'1', NULL),
	(16, 'Anthony', 'Salcedo', '1993-09-14', '93/54 Shanahan Alley Apt. 183, Santo Tomas 1572 Masbate', '070-766-300', 'Regular', '2020-02-01', 9, 'Alvaro, Roderick', 8, '26-9647608-3', '126445315651', '218002473454', '210-805-911-000', 50825.00, 25413.00, 357.14, b'1', NULL),
	(17, 'Josie ', 'Lopez', '1987-01-14', '49 Springs Apt. 266, Poblacion, Taguig 3200 Occidental Mindoro', '478-355-427', 'Regular', '2020-02-01', 10, 'Aquino, Bianca Sofia', 8, '44-8563448-3', '431709011012', '113071293354', '218-489-737-000', 38475.00, 19238.00, 357.14, b'1', NULL),
	(18, 'Martha', 'Farala', '1942-01-11', '42/25 Sawayn Stream, Ubay 1208 Zamboanga del Norte ', '329-034-366', 'Regular', '2020-02-01', 11, 'Alvaro, Roderick', 8, '45-5656375-0', '233693897247', '631130283546', '210-835-851-000', 24000.00, 12000.00, 357.14, b'1', NULL),
	(19, 'Leila', 'Martinez', '1970-07-11', '37/46 Kulas Roads, Maragondon 0962 Quirino ', '877-110-749', 'Regular', '2020-02-01', 11, 'Salcedo, Anthony', 8, '27-2090996-4', '515741057496', '101205445886', '275-792-513-000', 24000.00, 12000.00, 313.51, b'1', NULL),
	(20, 'Fredrick ', 'Romualdez', '1985-03-10', '22A/52 Lubowitz Meadows, Pililla 4895 Zambales', '023-079-009', 'Regular', '2020-02-01', 13, 'Lim, Antonio', 4, '26-8768374-1', '308366860059', '223057707853', '598-065-761-000', 53500.00, 26750.00, 313.51, b'1', NULL),
	(21, 'Christian', 'Mata', '1987-10-21', '90 O\'Keefe Spur Apt. 379, Catigbian 2772 Sulu ', '783-776-744', 'Regular', '2020-02-01', 14, 'Romualdez, Fredrick ', 4, '49-2959312-6', '824187961962', '631052853464', '103-100-522-000', 42975.00, 21488.00, 255.80, b'1', NULL),
	(22, 'Selena ', 'De Leon', '1975-02-20', '89A Armstrong Trace, Compostela 7874 Maguindanao', '975-432-139', 'Regular', '2020-02-01', 14, 'Romualdez, Fredrick ', 4, '27-2090208-8', '587272469938', '719007608464', '482-259-498-000', 41850.00, 20925.00, 249.11, b'1', NULL),
	(23, 'Allison ', 'San Jose', '1986-06-24', '08 Grant Drive Suite 406, Poblacion, Iloilo City 9186 La Union', '179-075-129', 'Regular', '2020-02-01', 15, 'Mata, Christian', 4, '45-3251383-0', '745148459521', '114901859343', '121-203-336-000', 22500.00, 11250.00, 133.93, b'1', NULL),
	(24, 'Cydney ', 'Rosario', '1996-06-10', '93A/21 Berge Points, Tapaz 2180 Quezon', '868-819-912', 'Regular', '2020-02-01', 15, 'Mata, Christian', 4, '49-1629900-2', '579253435499', '265104358643', '122-244-511-000', 22500.00, 11250.00, 133.93, b'1', NULL),
	(25, 'Mark ', 'Bautista', '1991-02-12', '65 Murphy Center Suite 094, Poblacion, Palayan 5636 Quirino', '683-725-348', 'Regular', '2020-02-01', 15, 'Mata, Christian', 4, '49-1647342-5', '399665157135', '260054585575', '273-970-941-000', 23250.00, 11625.00, 138.39, b'1', NULL),
	(26, 'Darlene ', 'Lazaro', '1985-11-25', '47A/94 Larkin Plaza Apt. 179, Poblacion, Caloocan 2751 Quirino', '740-721-558', 'Probationary', '2020-02-01', 15, 'Mata, Christian', 4, '45-5617168-2', '606386917510', '104907708845', '354-650-951-000', 23250.00, 11625.00, 138.39, b'1', NULL),
	(27, 'Kolby ', 'Delos Santos', '1980-02-26', '06A Gulgowski Extensions, Bongabon 6085 Zamboanga del Sur', '739-443-033', 'Probationary', '2020-02-01', 15, 'Mata, Christian', 4, '52-0109570-6', '357451271274', '113017988667', '187-500-345-000', 24000.00, 12000.00, 142.86, b'1', NULL),
	(28, 'Vella ', 'Santos', '1983-12-31', '99A Padberg Spring, Poblacion, Mabalacat 3959 Lanao del Sur', '955-879-269', 'Probationary', '2020-02-01', 15, 'Mata, Christian', 4, '52-9883524-3', '548670482885', '360028104576', '101-558-994-000', 22500.00, 11250.00, 133.93, b'1', NULL),
	(29, 'Tomas', 'Del Rosario', '1978-12-18', '80A/48 Ledner Ridges, Poblacion, Kabankalan 8870 Marinduque', '882-550-989', 'Probationary', '2020-02-01', 15, 'Mata, Christian', 4, '45-5866331-6', '953901539995', '913108649964', '560-735-732-000', 22500.00, 11250.00, 133.93, b'1', NULL),
	(30, 'Jacklyn ', 'Tolentino', '1984-05-19', '96/48 Watsica Flats Suite 734, Poblacion, Malolos 1844 Ifugao', '675-757-366', 'Probationary', '2020-02-01', 15, 'De Leon, Selena', 4, '47-1692793-0', '753800654114', '210546661243', '841-177-857-000', 24000.00, 12000.00, 142.86, b'1', NULL),
	(31, 'Percival ', 'Gutierrez', '1970-12-18', '58A Wilderman Walks, Poblacion, Digos 5822 Davao del Sur', '512-899-876', 'Probationary', '2020-02-01', 15, 'De Leon, Selena', 4, '40-9504657-8', '797639382265', '210897095686', '502-995-671-000', 24750.00, 12375.00, 147.32, b'1', NULL),
	(32, 'Garfield ', 'Manalaysay', '1986-08-28', '60 Goyette Valley Suite 219, Poblacion, Tabuk 3159 Lanao del Sur', '948-628-136', 'Probationary', '2020-02-01', 15, 'De Leon, Selena', 4, '45-3298166-4', '810909286264', '211274476563', '336-676-445-000', 24750.00, 12375.00, 147.32, b'1', NULL),
	(33, 'Lizeth ', 'Villegas', '1981-12-12', '66/77 Mann Views, Luisiana 1263 Dinagat Islands', '332-372-215', 'Probationary', '2020-02-01', 15, 'De Leon, Selena', 4, '40-2400719-4', '934389652994', '122238077997', '210-395-397-000', 24000.00, 12000.00, 142.86, b'1', NULL),
	(34, 'Carol ', 'Ramos', '1978-08-20', '72/70 Stamm Spurs, Bustos 4550 Iloilo', '250-700-389', 'Probationary', '2020-02-01', 15, 'De Leon, Selena', 4, '60-1152206-4', '351830469744', '212141893454', '395-032-717-000', 22500.00, 11250.00, 133.93, b'1', NULL),
	(35, 'Emelia ', 'Maceda', '1973-04-14', '50A/83 Bahringer Oval Suite 145, Kiamba 7688 Nueva Ecija', '973-358-041', 'Probationary', '2020-02-01', 15, 'De Leon, Selena', 4, '54-1331005-0', '465087894112', '515012579765', '215-973-013-000', 22500.00, 11250.00, 133.93, b'1', NULL),
	(36, 'Delia ', 'Aguilar', '1989-01-27', '95 Cremin Junction, Surallah 2809 Cotabato', '529-705-439', 'Probationary', '2020-02-01', 15, 'De Leon, Selena', 4, '52-1859253-1', '136451303068', '110018813465', '599-312-588-000', 22500.00, 11250.00, 133.93, b'1', NULL),
	(37, 'John Rafael', 'Castro', '1992-02-09', 'Hi-way, Yati, Liloan Cebu', '332-424-955 ', 'Regular', '2020-02-01', 16, 'Reyes, Isabella', 5, '26-7145133-4', '601644902402', '697764069311', '404-768-309-000', 23000.00, 26335.00, 313.51, b'1', NULL),
	(38, 'Carlos Ian', 'Martinez', '1990-11-16', 'Bulala, Camalaniugan', '078-854-208', 'Regular', '2020-02-01', 17, 'Reyes, Isabella', 6, '11-5062972-7', '380685387212', '993372963726', '256-436-296-000', 23000.00, 26335.00, 313.51, b'1', NULL),
	(39, 'Beatriz', 'Santos', '1990-08-07', 'Agapita Building, Metro Manila', '526-639-511', 'Regular', '2020-02-01', 18, 'Reyes, Isabella', 7, '20-2987501-5', '918460050077', '874042259378', '911-529-713-000', 25000.00, 26335.00, 313.51, b'1', NULL),
	(51, 'John', 'Doe', '1990-05-15', '123 Main St, Anytown', '123-456-7890', 'Regular', '2024-06-05', 1, 'Jane Smith', 1, '123-456-789', '123-456-789', '123-456-789', '123-456-789', 50000.00, 25000.00, 20.00, b'1', NULL),
	(52, 'Lawrence', 'Sample', '0008-10-21', 'asdf', 'asdf', 'Regular', NULL, 6, 'N/A', 1, '1234', '1234', '1234', '1234', 50000.00, 25000.00, 100.00, b'1', NULL),
	(55, 'Billy Lloyd', 'Calasang', '1996-01-22', '2nd Floor, Gaisano Mactan Mall, Pajo, Lapu-lapu City, Cebu', '361-299-029', 'Regular', '2024-07-05', 7, 'Andrea Mae Villanueva', 3, '37-3379841-1', '632361534812', '374357402374', '824-311-682-000', 42975.00, 21488.00, 255.80, b'1', NULL),
	(56, 'Jonathan', 'Brosas', '2024-07-05', 'A Fernando 1400, Valenzuela, Valenzuela', '032-340-2015', 'Probationary', '2024-07-05', 19, 'Eduard Hernandez', 2, '92-4800602-9', '735270773421', '632722676967', '632722676967', 42975.00, 21488.00, 255.80, b'1', NULL),
	(57, 'Shella Mae', 'Tejor', '2024-07-05', 'Ayala Avenue 1200, Makati City, Metro Manila', '894-385-011', 'Probationary', '2024-07-05', 18, 'Reyes, Isabella', 7, '32-5213838-6', '675893056701', '133337008927', '327-367-815-000', 25000.00, 26335.00, 313.51, b'1', NULL),
	(10095, 'Alice', 'Delgado', '1985-03-15', '101 Maple Street, Quezon City', '0917-123-4567', 'Regular', '2024-07-13', 6, 'N/A', 3, '34-5678901-2', '123456789012', '567890123456', '345-678-901-234', 55000.00, 27500.00, 321.43, b'1', NULL),
	(10096, 'Juan', 'Reyes', '1990-07-22', '202 Oak Avenue, Makati City', '0918-234-5678', 'Regular', '2024-07-13', 5, 'Delgado, Alice', 2, '23-4567890-1', '234567890123', '678901234567', '456-789-012-345', 45000.00, 22500.00, 267.86, b'1', NULL),
	(10097, 'Emily', 'Lopez', '1982-11-10', '303 Pine Road, Pasig City', '0919-345-6789', 'Regular', '2024-07-13', 16, 'Delgado, Alice', 5, '45-6789012-3', '345678901234', '789012345678', '567-890-123-456', 50000.00, 25000.00, 297.62, b'1', NULL),
	(10099, 'Laura', 'Martinez', '1988-09-14', '505 Birch Blvd, Taguig City', '0921-567-8901', 'Regular', '2024-07-13', 19, 'Delgado, Alice', 2, '67-8901234-5', '567890123456', '901234567890', '789-012-345-678', 35000.00, 17500.00, 208.33, b'1', NULL);

-- Dumping structure for table payroll_sys.leave_request
CREATE TABLE IF NOT EXISTS `leave_request` (
  `leave_request_id` int NOT NULL AUTO_INCREMENT,
  `employee_id` int DEFAULT NULL,
  `leave_request_category_id` int NOT NULL DEFAULT '0',
  `start_date` date NOT NULL,
  `end_date` date NOT NULL,
  `date_created` timestamp NOT NULL,
  `reason` varchar(255) CHARACTER SET utf8mb4 COLLATE utf8mb4_general_ci NOT NULL DEFAULT '0',
  `status` enum('Approved','Disapproved','Pending') CHARACTER SET utf8mb4 COLLATE utf8mb4_general_ci NOT NULL DEFAULT 'Pending',
  `total_leave_days` int GENERATED ALWAYS AS (((to_days(`end_date`) - to_days(`start_date`)) + 1)) STORED,
  PRIMARY KEY (`leave_request_id`),
  KEY `FK_leave_request_leave_request_category` (`leave_request_category_id`),
  KEY `FK_leave_request_employee` (`employee_id`),
  CONSTRAINT `FK_leave_request_employee` FOREIGN KEY (`employee_id`) REFERENCES `employee` (`employee_id`),
  CONSTRAINT `FK_leave_request_leave_request_category` FOREIGN KEY (`leave_request_category_id`) REFERENCES `leave_request_category` (`leave_req_cat_id`)
) ENGINE=InnoDB AUTO_INCREMENT=30 DEFAULT CHARSET=utf8mb4 COLLATE=utf8mb4_general_ci;

-- Dumping data for table payroll_sys.leave_request: ~5 rows (approximately)
INSERT INTO `leave_request` (`leave_request_id`, `employee_id`, `leave_request_category_id`, `start_date`, `end_date`, `date_created`, `reason`, `status`) VALUES
	(1, 6, 1, '2024-06-27', '2024-06-28', '2024-06-27 05:00:28', '0', 'Approved'),
	(2, 6, 1, '2024-06-29', '2024-06-30', '2024-06-27 05:31:40', '0', 'Approved'),
	(25, 6, 1, '2024-07-04', '2024-07-04', '2024-06-26 16:00:00', '', 'Approved'),
	(26, 6, 2, '2024-09-02', '2024-09-06', '2024-06-26 16:00:00', '', 'Approved'),
	(27, 15, 1, '2024-06-27', '2024-07-01', '2024-06-26 16:00:00', '', 'Approved'),
	(28, 11, 1, '2024-07-01', '2024-07-05', '2024-06-26 16:00:00', '', 'Approved'),
	(29, 10, 2, '2024-07-13', '2024-07-13', '2024-07-12 16:00:00', 'HAHAL;SDKFJDAS;LKFJAS;LDKJF;ASDLKJF AS;LDFKJA SD;LFKJSDA;LKFAJSD;FLKSAJFL;ASKJDF;LDSAKJ', 'Pending');

-- Dumping structure for table payroll_sys.leave_request_category
CREATE TABLE IF NOT EXISTS `leave_request_category` (
  `leave_req_cat_id` int NOT NULL AUTO_INCREMENT,
  `categoryName` varchar(255) CHARACTER SET utf8mb4 COLLATE utf8mb4_general_ci NOT NULL,
  `description` varchar(255) CHARACTER SET utf8mb4 COLLATE utf8mb4_general_ci NOT NULL,
  `maxCredits` tinyint NOT NULL DEFAULT '0',
  PRIMARY KEY (`leave_req_cat_id`)
) ENGINE=InnoDB AUTO_INCREMENT=4 DEFAULT CHARSET=utf8mb4 COLLATE=utf8mb4_general_ci;

-- Dumping data for table payroll_sys.leave_request_category: ~3 rows (approximately)
INSERT INTO `leave_request_category` (`leave_req_cat_id`, `categoryName`, `description`, `maxCredits`) VALUES
	(1, 'SICK', 'SICK LEAVE', 5),
	(2, 'EMERGENCY', 'EMERGENCY LEAVE', 5),
	(3, 'VACATION', 'VACATION LEAVE', 10);

-- Dumping structure for table payroll_sys.payslip
CREATE TABLE IF NOT EXISTS `payslip` (
  `payslip_id` int NOT NULL AUTO_INCREMENT,
  `employee_id` int DEFAULT NULL,
  `alw_id` int DEFAULT NULL,
  `deduction_id` int DEFAULT NULL,
  `tax_id` int DEFAULT NULL,
  `pay_period_start` date NOT NULL,
  `pay_period_end` date NOT NULL,
  `total_hours_worked` decimal(20,6) NOT NULL DEFAULT '0.000000',
  `gross_income` decimal(20,6) NOT NULL,
  `net_income` decimal(20,6) NOT NULL,
  `date_created` date NOT NULL,
  PRIMARY KEY (`payslip_id`),
  KEY `FK_payslip_employee` (`employee_id`),
  KEY `FK_payslip_allowance` (`alw_id`),
  KEY `FK_payslip_tax` (`tax_id`),
  KEY `FK_payslip_deduction` (`deduction_id`),
  CONSTRAINT `FK_payslip_allowance` FOREIGN KEY (`alw_id`) REFERENCES `allowance` (`alw_id`),
  CONSTRAINT `FK_payslip_deduction` FOREIGN KEY (`deduction_id`) REFERENCES `deduction` (`deduction_id`),
  CONSTRAINT `FK_payslip_employee` FOREIGN KEY (`employee_id`) REFERENCES `employee` (`employee_id`),
  CONSTRAINT `FK_payslip_tax` FOREIGN KEY (`tax_id`) REFERENCES `tax` (`tax_id`)
) ENGINE=InnoDB AUTO_INCREMENT=129 DEFAULT CHARSET=utf8mb4 COLLATE=utf8mb4_general_ci;

-- Dumping data for table payroll_sys.payslip: ~94 rows (approximately)
INSERT INTO `payslip` (`payslip_id`, `employee_id`, `alw_id`, `deduction_id`, `tax_id`, `pay_period_start`, `pay_period_end`, `total_hours_worked`, `gross_income`, `net_income`, `date_created`) VALUES
	(1, 6, 3, 1, 1, '2024-06-01', '2024-06-30', 173.517200, 92954.900000, 81348.030000, '2024-07-17'),
	(2, 7, 4, 2, 2, '2024-06-01', '2024-06-30', 205.783200, 73493.410000, 63624.990000, '2024-07-17'),
	(3, 8, 5, 3, 3, '2024-06-01', '2024-06-30', 220.950000, 78910.090000, 67416.660000, '2024-07-17'),
	(4, 9, 6, 4, 4, '2024-06-01', '2024-06-30', 211.583300, 75564.860000, 65075.000000, '2024-07-17'),
	(5, 10, 7, 5, 5, '2024-06-01', '2024-06-30', 203.749800, 63877.600000, 55730.160000, '2024-07-17'),
	(6, 11, 8, 6, 6, '2024-06-01', '2024-06-30', 216.916500, 68005.500000, 58826.090000, '2024-07-17'),
	(7, 12, 9, 7, 7, '2024-06-01', '2024-06-30', 207.850100, 53168.050000, 47407.060000, '2024-07-17'),
	(8, 13, 10, 8, 8, '2024-06-01', '2024-06-30', 216.249800, 28962.330000, 28586.460000, '2024-07-17'),
	(9, 14, 11, 9, 9, '2024-06-01', '2024-06-30', 208.900000, 27977.970000, 27798.980000, '2024-07-17'),
	(10, 15, 12, 10, 10, '2024-06-01', '2024-06-30', 205.233500, 64342.760000, 56079.030000, '2024-07-17'),
	(11, 16, 13, 11, 11, '2024-06-01', '2024-06-30', 206.983400, 73922.050000, 63021.370000, '2024-07-17'),
	(12, 17, 14, 12, 12, '2024-06-01', '2024-06-30', 211.050100, 75374.430000, 63767.710000, '2024-07-17'),
	(13, 18, 15, 13, 13, '2024-06-01', '2024-06-30', 209.699900, 74892.220000, 62982.150000, '2024-07-17'),
	(14, 19, 16, 14, 14, '2024-06-01', '2024-06-30', 210.366800, 65952.100000, 56608.570000, '2024-07-17'),
	(15, 20, 17, 15, 15, '2024-06-01', '2024-06-30', 204.983100, 64264.250000, 56010.810000, '2024-07-17'),
	(16, 21, 18, 16, 16, '2024-06-01', '2024-06-30', 213.250000, 54549.350000, 48443.040000, '2024-07-17'),
	(17, 22, 19, 17, 17, '2024-06-01', '2024-06-30', 217.483300, 54177.270000, 48176.640000, '2024-07-17'),
	(18, 23, 20, 18, 18, '2024-06-01', '2024-06-30', 198.899900, 26638.660000, 26727.530000, '2024-07-17'),
	(19, 24, 21, 19, 19, '2024-06-01', '2024-06-30', 204.650300, 27408.810000, 27343.650000, '2024-07-17'),
	(20, 26, 22, 20, 20, '2024-06-01', '2024-06-30', 223.199600, 30888.600000, 30118.480000, '2024-07-17'),
	(21, 25, 23, 21, 21, '2024-06-01', '2024-06-30', 207.399800, 28702.060000, 28369.250000, '2024-07-17'),
	(22, 27, 24, 22, 22, '2024-06-01', '2024-06-30', 203.849900, 29122.000000, 28696.200000, '2024-07-17'),
	(23, 28, 25, 23, 23, '2024-06-01', '2024-06-30', 209.366700, 28040.480000, 27848.980000, '2024-07-17'),
	(24, 29, 26, 24, 24, '2024-06-01', '2024-06-30', 207.000300, 27723.550000, 27595.440000, '2024-07-17'),
	(25, 30, 27, 25, 25, '2024-06-01', '2024-06-30', 199.299900, 28471.980000, 28176.180000, '2024-07-17'),
	(26, 31, 28, 26, 26, '2024-06-01', '2024-06-30', 212.650200, 31327.630000, 30451.700000, '2024-07-17'),
	(27, 32, 29, 27, 27, '2024-06-01', '2024-06-30', 201.916700, 29746.370000, 29186.700000, '2024-07-17'),
	(28, 33, 30, 28, 28, '2024-06-01', '2024-06-30', 209.716900, 29960.150000, 29366.720000, '2024-07-17'),
	(29, 34, 31, 29, 29, '2024-06-01', '2024-06-30', 217.233200, 29094.050000, 28691.840000, '2024-07-17'),
	(30, 35, 32, 30, 30, '2024-06-01', '2024-06-30', 205.933400, 27580.660000, 27481.130000, '2024-07-17'),
	(31, 36, 33, 31, 31, '2024-06-01', '2024-06-30', 215.466600, 28857.440000, 28502.550000, '2024-07-17'),
	(32, 52, 43, 32, 32, '2024-06-01', '2024-06-30', 11.366700, 1136.670000, 3240.300000, '2024-07-17'),
	(33, 6, 3, 33, 33, '2024-05-01', '2024-05-31', 198.966400, 106588.290000, 90891.400000, '2024-07-17'),
	(34, 7, 4, 34, 34, '2024-05-01', '2024-05-31', 217.633200, 77725.530000, 66587.470000, '2024-07-17'),
	(35, 8, 5, 35, 35, '2024-05-01', '2024-05-31', 223.316800, 79755.360000, 68008.350000, '2024-07-17'),
	(36, 9, 6, 36, 36, '2024-05-01', '2024-05-31', 222.933100, 79618.320000, 67912.420000, '2024-07-17'),
	(37, 10, 7, 37, 37, '2024-05-01', '2024-05-31', 224.233300, 70299.380000, 60466.130000, '2024-07-17'),
	(38, 11, 8, 38, 38, '2024-05-01', '2024-05-31', 217.450200, 68172.810000, 58951.570000, '2024-07-17'),
	(39, 12, 9, 39, 39, '2024-05-01', '2024-05-31', 203.500000, 52055.300000, 46572.500000, '2024-07-17'),
	(40, 13, 10, 40, 40, '2024-05-01', '2024-05-31', 214.433400, 28719.070000, 28391.860000, '2024-07-17'),
	(41, 14, 11, 41, 41, '2024-05-01', '2024-05-31', 214.133200, 28678.860000, 28359.690000, '2024-07-17'),
	(42, 15, 12, 42, 42, '2024-05-01', '2024-05-31', 213.383200, 66897.770000, 57995.290000, '2024-07-17'),
	(43, 16, 13, 43, 43, '2024-05-01', '2024-05-31', 216.966600, 77487.450000, 65517.150000, '2024-07-17'),
	(44, 17, 14, 44, 44, '2024-05-01', '2024-05-31', 213.366700, 76201.780000, 64346.850000, '2024-07-17'),
	(45, 18, 15, 45, 45, '2024-05-01', '2024-05-31', 226.966500, 81058.810000, 67298.770000, '2024-07-17'),
	(46, 19, 16, 46, 46, '2024-05-01', '2024-05-31', 211.416400, 66281.150000, 56855.360000, '2024-07-17'),
	(47, 20, 17, 47, 47, '2024-05-01', '2024-05-31', 211.799800, 66401.360000, 57613.640000, '2024-07-17'),
	(48, 21, 18, 48, 48, '2024-05-01', '2024-05-31', 212.983300, 54481.130000, 48391.870000, '2024-07-17'),
	(49, 22, 19, 49, 49, '2024-05-01', '2024-05-31', 222.400200, 55402.110000, 49095.270000, '2024-07-17'),
	(50, 23, 20, 50, 50, '2024-05-01', '2024-05-31', 221.450000, 29658.800000, 29143.640000, '2024-07-17'),
	(51, 24, 21, 51, 51, '2024-05-01', '2024-05-31', 219.516800, 29399.890000, 28936.510000, '2024-07-17'),
	(52, 26, 22, 52, 52, '2024-05-01', '2024-05-31', 214.450200, 29677.770000, 29149.820000, '2024-07-17'),
	(53, 25, 23, 53, 53, '2024-05-01', '2024-05-31', 224.350100, 31047.810000, 30245.850000, '2024-07-17'),
	(54, 27, 24, 54, 54, '2024-05-01', '2024-05-31', 209.283100, 29898.180000, 29317.140000, '2024-07-17'),
	(55, 28, 25, 55, 55, '2024-05-01', '2024-05-31', 222.567000, 29808.400000, 29263.320000, '2024-07-17'),
	(56, 29, 26, 56, 56, '2024-05-01', '2024-05-31', 219.300100, 29370.860000, 28913.290000, '2024-07-17'),
	(57, 30, 27, 57, 57, '2024-05-01', '2024-05-31', 213.049800, 30436.300000, 29747.640000, '2024-07-17'),
	(58, 31, 28, 58, 58, '2024-05-01', '2024-05-31', 210.550100, 31018.240000, 30204.190000, '2024-07-17'),
	(59, 32, 29, 59, 59, '2024-05-01', '2024-05-31', 207.399800, 30554.140000, 29832.910000, '2024-07-17'),
	(60, 33, 30, 60, 60, '2024-05-01', '2024-05-31', 215.766700, 30824.430000, 30058.140000, '2024-07-17'),
	(61, 34, 31, 61, 61, '2024-05-01', '2024-05-31', 217.283500, 29100.780000, 28697.220000, '2024-07-17'),
	(62, 35, 32, 62, 62, '2024-05-01', '2024-05-31', 214.299700, 28701.160000, 28377.530000, '2024-07-17'),
	(63, 36, 33, 63, 63, '2024-05-01', '2024-05-31', 208.300400, 27897.670000, 27734.740000, '2024-07-17'),
	(64, 6, 3, 64, 64, '2024-04-01', '2024-04-30', 197.416500, 105757.990000, 90310.190000, '2024-07-17'),
	(65, 7, 4, 65, 65, '2024-04-01', '2024-04-30', 212.366700, 75844.640000, 65270.850000, '2024-07-17'),
	(66, 8, 5, 66, 66, '2024-04-01', '2024-04-30', 220.666600, 78808.870000, 67345.810000, '2024-07-17'),
	(67, 9, 6, 67, 67, '2024-04-01', '2024-04-30', 215.733300, 77047.000000, 66112.500000, '2024-07-17'),
	(68, 10, 7, 68, 68, '2024-04-01', '2024-04-30', 212.250200, 66542.560000, 57728.880000, '2024-07-17'),
	(69, 11, 8, 69, 69, '2024-04-01', '2024-04-30', 215.783500, 67650.280000, 58559.670000, '2024-07-17'),
	(70, 12, 9, 70, 70, '2024-04-01', '2024-04-30', 219.816600, 56229.080000, 49702.840000, '2024-07-17'),
	(71, 13, 10, 71, 71, '2024-04-01', '2024-04-30', 214.366600, 28710.120000, 28384.700000, '2024-07-17'),
	(72, 14, 11, 72, 72, '2024-04-01', '2024-04-30', 206.183300, 27614.130000, 27507.900000, '2024-07-17'),
	(73, 15, 12, 73, 73, '2024-04-01', '2024-04-30', 209.366700, 65638.560000, 57050.880000, '2024-07-17'),
	(74, 16, 13, 74, 74, '2024-04-01', '2024-04-30', 212.133200, 75761.250000, 64308.810000, '2024-07-17'),
	(75, 17, 14, 75, 75, '2024-04-01', '2024-04-30', 224.583400, 80207.710000, 67151.010000, '2024-07-17'),
	(76, 18, 15, 76, 76, '2024-04-01', '2024-04-30', 206.600000, 73785.130000, 62207.190000, '2024-07-17'),
	(77, 19, 16, 77, 77, '2024-04-01', '2024-04-30', 209.683300, 65737.820000, 56447.860000, '2024-07-17'),
	(78, 20, 17, 78, 78, '2024-04-01', '2024-04-30', 206.799900, 64833.840000, 56438.000000, '2024-07-17'),
	(79, 21, 18, 79, 79, '2024-04-01', '2024-04-30', 207.549800, 53091.230000, 47349.450000, '2024-07-17'),
	(80, 22, 19, 80, 80, '2024-04-01', '2024-04-30', 215.633400, 53716.440000, 47831.020000, '2024-07-17'),
	(81, 23, 20, 81, 81, '2024-04-01', '2024-04-30', 219.700100, 29424.430000, 28956.140000, '2024-07-17'),
	(82, 24, 21, 82, 82, '2024-04-01', '2024-04-30', 208.033400, 27861.920000, 27706.140000, '2024-07-17'),
	(83, 26, 22, 83, 83, '2024-04-01', '2024-04-30', 208.983100, 28921.170000, 28544.540000, '2024-07-17'),
	(84, 25, 23, 84, 84, '2024-04-01', '2024-04-30', 220.683400, 30540.370000, 29839.900000, '2024-07-17'),
	(85, 27, 24, 85, 85, '2024-04-01', '2024-04-30', 209.850200, 29979.200000, 29381.960000, '2024-07-17'),
	(86, 28, 25, 86, 86, '2024-04-01', '2024-04-30', 220.849900, 29578.420000, 29079.340000, '2024-07-17'),
	(87, 29, 26, 87, 87, '2024-04-01', '2024-04-30', 213.383700, 28578.470000, 28279.380000, '2024-07-17'),
	(88, 30, 27, 88, 88, '2024-04-01', '2024-04-30', 215.966600, 30852.990000, 30080.990000, '2024-07-17'),
	(89, 31, 28, 89, 89, '2024-04-01', '2024-04-30', 218.999900, 32263.060000, 31200.050000, '2024-07-17'),
	(90, 32, 29, 90, 90, '2024-04-01', '2024-04-30', 215.666700, 31772.020000, 30807.220000, '2024-07-17'),
	(91, 33, 30, 91, 91, '2024-04-01', '2024-04-30', 204.783300, 29255.340000, 28802.870000, '2024-07-17'),
	(92, 34, 31, 92, 92, '2024-04-01', '2024-04-30', 205.250000, 27489.130000, 27407.900000, '2024-07-17'),
	(93, 35, 32, 93, 93, '2024-04-01', '2024-04-30', 215.566400, 28870.810000, 28513.250000, '2024-07-17'),
	(94, 36, 33, 94, 94, '2024-04-01', '2024-04-30', 214.650000, 28748.070000, 28415.060000, '2024-07-17');

-- Dumping structure for table payroll_sys.permission
CREATE TABLE IF NOT EXISTS `permission` (
  `permission_id` int NOT NULL AUTO_INCREMENT,
  `name` varchar(255) CHARACTER SET utf8mb4 COLLATE utf8mb4_general_ci NOT NULL,
  `description` varchar(255) CHARACTER SET utf8mb4 COLLATE utf8mb4_general_ci NOT NULL DEFAULT '0',
  PRIMARY KEY (`permission_id`)
) ENGINE=InnoDB AUTO_INCREMENT=10 DEFAULT CHARSET=utf8mb4 COLLATE=utf8mb4_general_ci;

-- Dumping data for table payroll_sys.permission: ~9 rows (approximately)
INSERT INTO `permission` (`permission_id`, `name`, `description`) VALUES
	(1, 'Full Access Human Resource Information System', '0'),
	(2, 'Read only my information', '0'),
	(3, 'Read Only Own Payslips', '0'),
	(4, 'Full Access HRIS', '0'),
	(5, 'Approve/Disapprove Leave Request', '0'),
	(6, 'View Only Salary Information', '0'),
	(7, 'Full Access Payroll Management', '0'),
	(8, 'Full Access System Management', '0'),
	(9, 'Employee-Self Service Portal', '0');

-- Dumping structure for table payroll_sys.position
CREATE TABLE IF NOT EXISTS `position` (
  `position_id` int NOT NULL AUTO_INCREMENT,
  `name` varchar(50) CHARACTER SET utf8mb4 COLLATE utf8mb4_general_ci NOT NULL DEFAULT '0',
  `date_created` datetime NOT NULL,
  `description` varchar(255) CHARACTER SET utf8mb4 COLLATE utf8mb4_general_ci DEFAULT NULL,
  PRIMARY KEY (`position_id`)
) ENGINE=InnoDB AUTO_INCREMENT=20 DEFAULT CHARSET=utf8mb4 COLLATE=utf8mb4_general_ci;

-- Dumping data for table payroll_sys.position: ~18 rows (approximately)
INSERT INTO `position` (`position_id`, `name`, `date_created`, `description`) VALUES
	(1, 'Chief Executive Officer', '2024-03-30 07:22:33', NULL),
	(2, 'Chief Operating Officer', '2024-03-30 07:22:56', NULL),
	(3, 'Chief Finance Officer', '2024-03-30 07:23:14', NULL),
	(4, 'Chief Marketing Officer', '2024-03-30 07:23:40', NULL),
	(5, 'IT Operations and Systems', '2024-03-30 07:23:59', NULL),
	(6, 'HR Manager', '2024-03-30 07:24:09', NULL),
	(7, 'HR Team Leader', '2024-03-30 07:24:20', NULL),
	(8, 'HR Rank and File', '2024-03-30 07:24:29', NULL),
	(9, 'Payroll Manager', '2024-03-30 07:24:31', NULL),
	(10, 'Payroll Team Leader', '2024-03-30 07:24:34', NULL),
	(11, 'Payroll Rank and File', '2024-03-30 07:24:38', NULL),
	(12, 'Accounting Head', '2024-03-30 07:25:04', NULL),
	(13, 'Account Manager', '2024-03-30 07:25:06', NULL),
	(14, 'Account Team Leader', '2024-03-30 07:25:09', NULL),
	(15, 'Account Rank and File', '2024-03-30 07:25:11', NULL),
	(16, 'Sales & Marketing', '2024-03-30 07:25:19', NULL),
	(17, 'Supply Chain and Logistics', '2024-03-30 07:25:22', NULL),
	(18, 'Customer Service and Relations', '2024-03-30 07:27:29', NULL),
	(19, 'IT Technical Support', '2024-07-05 10:23:40', NULL);

-- Dumping structure for table payroll_sys.role
CREATE TABLE IF NOT EXISTS `role` (
  `role_id` int NOT NULL AUTO_INCREMENT,
  `name` varchar(255) CHARACTER SET utf8mb4 COLLATE utf8mb4_general_ci NOT NULL DEFAULT '0',
  `description` varchar(255) CHARACTER SET utf8mb4 COLLATE utf8mb4_general_ci NOT NULL DEFAULT '0',
  `permission_id` int NOT NULL DEFAULT '0',
  PRIMARY KEY (`role_id`),
  KEY `FK_role_permission` (`permission_id`),
  CONSTRAINT `FK_role_permission` FOREIGN KEY (`permission_id`) REFERENCES `permission` (`permission_id`)
) ENGINE=InnoDB AUTO_INCREMENT=15 DEFAULT CHARSET=utf8mb4 COLLATE=utf8mb4_general_ci;

-- Dumping data for table payroll_sys.role: ~6 rows (approximately)
INSERT INTO `role` (`role_id`, `name`, `description`, `permission_id`) VALUES
	(3, 'Employee', 'Employee Access Level', 2),
	(5, 'HR Administrator', 'Manage employee record and manages employee leave requests', 1),
	(7, 'Payroll Administrator', 'Calculating payable hours, commissions, bonuses, tax withholdings and deductions', 7),
	(9, 'System Administrator', 'Are information technology (IT) professionals who make sure an organization\'s computer systems are functioning and meet the needs of the organization. Sysadmins support, troubleshoot, and maintain computer servers ,networks, and user credentials.', 8),
	(13, 'Executive', 'They\'re responsible for overseeing the operations, finances, and general direction of a business, corporation, or organization. The typical day of an executive may include leading meetings, analyzing business reports, and working on company policies.', 9),
	(14, 'Account Administrator', 'Developing strong relationships with customers, connecting with key business executives and stakeholders and preparing sales reports', 5);

-- Dumping structure for table payroll_sys.tax
CREATE TABLE IF NOT EXISTS `tax` (
  `tax_id` int NOT NULL AUTO_INCREMENT,
  `taxable_income` decimal(20,6) NOT NULL,
  `tax_cat_id` int DEFAULT '0',
  `withheld_tax` decimal(20,6) NOT NULL DEFAULT '0.000000',
  `employee_id` int DEFAULT NULL,
  `date_created` date NOT NULL,
  PRIMARY KEY (`tax_id`),
  KEY `FK_tax_employee` (`employee_id`),
  CONSTRAINT `FK_tax_employee` FOREIGN KEY (`employee_id`) REFERENCES `employee` (`employee_id`)
) ENGINE=InnoDB AUTO_INCREMENT=129 DEFAULT CHARSET=utf8mb4 COLLATE=utf8mb4_general_ci;

-- Dumping data for table payroll_sys.tax: ~94 rows (approximately)
INSERT INTO `tax` (`tax_id`, `taxable_income`, `tax_cat_id`, `withheld_tax`, `employee_id`, `date_created`) VALUES
	(1, 90829.900000, 4, 18081.870000, 6, '2024-07-17'),
	(2, 71368.410000, 4, 12243.420000, 7, '2024-07-17'),
	(3, 76785.090000, 4, 13868.430000, 8, '2024-07-17'),
	(4, 73439.860000, 4, 12864.860000, 9, '2024-07-17'),
	(5, 61862.550000, 3, 9632.390000, 10, '2024-07-17'),
	(6, 65990.450000, 4, 10664.360000, 11, '2024-07-17'),
	(7, 51298.420000, 3, 6991.360000, 12, '2024-07-17'),
	(8, 27399.830000, 2, 1313.370000, 13, '2024-07-17'),
	(9, 26415.470000, 2, 1116.490000, 14, '2024-07-17'),
	(10, 62327.710000, 3, 9748.680000, 15, '2024-07-17'),
	(11, 71934.670000, 4, 12413.300000, 16, '2024-07-17'),
	(12, 73572.300000, 4, 12904.590000, 17, '2024-07-17'),
	(13, 73307.220000, 4, 12825.070000, 18, '2024-07-17'),
	(14, 64367.100000, 3, 10258.530000, 19, '2024-07-17'),
	(15, 62236.750000, 3, 9725.940000, 20, '2024-07-17'),
	(16, 52679.720000, 3, 7336.680000, 21, '2024-07-17'),
	(17, 52324.520000, 3, 7247.880000, 22, '2024-07-17'),
	(18, 25076.160000, 2, 848.630000, 23, '2024-07-17'),
	(19, 25846.310000, 2, 1002.660000, 24, '2024-07-17'),
	(20, 29314.850000, 2, 1696.370000, 26, '2024-07-17'),
	(21, 27128.310000, 2, 1259.060000, 25, '2024-07-17'),
	(22, 27537.000000, 2, 1340.800000, 27, '2024-07-17'),
	(23, 26477.980000, 2, 1129.000000, 28, '2024-07-17'),
	(24, 26161.050000, 2, 1065.610000, 29, '2024-07-17'),
	(25, 26886.980000, 2, 1210.800000, 30, '2024-07-17'),
	(26, 29731.380000, 2, 1779.680000, 31, '2024-07-17'),
	(27, 28150.120000, 2, 1463.420000, 32, '2024-07-17'),
	(28, 28375.150000, 2, 1508.430000, 33, '2024-07-17'),
	(29, 27531.550000, 2, 1339.710000, 34, '2024-07-17'),
	(30, 26018.160000, 2, 1037.030000, 35, '2024-07-17'),
	(31, 27294.940000, 2, 1292.390000, 36, '2024-07-17'),
	(32, 240.300000, 1, 0.000000, 52, '2024-07-17'),
	(33, 104463.290000, 4, 22171.890000, 6, '2024-07-17'),
	(34, 75600.530000, 4, 13513.060000, 7, '2024-07-17'),
	(35, 77630.360000, 4, 14122.010000, 8, '2024-07-17'),
	(36, 77493.320000, 4, 14080.900000, 9, '2024-07-17'),
	(37, 68284.330000, 4, 11318.200000, 10, '2024-07-17'),
	(38, 66157.760000, 4, 10706.190000, 11, '2024-07-17'),
	(39, 50185.670000, 3, 6713.170000, 12, '2024-07-17'),
	(40, 27156.570000, 2, 1264.710000, 13, '2024-07-17'),
	(41, 27116.360000, 2, 1256.670000, 14, '2024-07-17'),
	(42, 64882.720000, 4, 10387.430000, 15, '2024-07-17'),
	(43, 75500.070000, 4, 13482.920000, 16, '2024-07-17'),
	(44, 74399.650000, 4, 13152.800000, 17, '2024-07-17'),
	(45, 79473.810000, 4, 14675.040000, 18, '2024-07-17'),
	(46, 64696.150000, 3, 10340.790000, 19, '2024-07-17'),
	(47, 64373.860000, 3, 10260.220000, 20, '2024-07-17'),
	(48, 52611.500000, 3, 7319.630000, 21, '2024-07-17'),
	(49, 53549.360000, 3, 7554.090000, 22, '2024-07-17'),
	(50, 28096.300000, 2, 1452.660000, 23, '2024-07-17'),
	(51, 27837.390000, 2, 1400.880000, 24, '2024-07-17'),
	(52, 28104.020000, 2, 1454.200000, 26, '2024-07-17'),
	(53, 29474.060000, 2, 1728.210000, 25, '2024-07-17'),
	(54, 28313.180000, 2, 1496.040000, 27, '2024-07-17'),
	(55, 28245.900000, 2, 1482.580000, 28, '2024-07-17'),
	(56, 27808.360000, 2, 1395.070000, 29, '2024-07-17'),
	(57, 28851.300000, 2, 1603.660000, 30, '2024-07-17'),
	(58, 29421.990000, 2, 1717.800000, 31, '2024-07-17'),
	(59, 28957.890000, 2, 1624.980000, 32, '2024-07-17'),
	(60, 29239.430000, 2, 1681.290000, 33, '2024-07-17'),
	(61, 27538.280000, 2, 1341.060000, 34, '2024-07-17'),
	(62, 27138.660000, 2, 1261.130000, 35, '2024-07-17'),
	(63, 26335.170000, 2, 1100.430000, 36, '2024-07-17'),
	(64, 103632.990000, 4, 21922.800000, 6, '2024-07-17'),
	(65, 73719.640000, 4, 12948.790000, 7, '2024-07-17'),
	(66, 76683.870000, 4, 13838.060000, 8, '2024-07-17'),
	(67, 74922.000000, 4, 13309.500000, 9, '2024-07-17'),
	(68, 64527.510000, 3, 10298.630000, 10, '2024-07-17'),
	(69, 65635.230000, 4, 10575.560000, 11, '2024-07-17'),
	(70, 54359.450000, 3, 7756.610000, 12, '2024-07-17'),
	(71, 27147.620000, 2, 1262.920000, 13, '2024-07-17'),
	(72, 26051.630000, 2, 1043.730000, 14, '2024-07-17'),
	(73, 63623.510000, 3, 10072.630000, 15, '2024-07-17'),
	(74, 73773.870000, 4, 12965.060000, 16, '2024-07-17'),
	(75, 78405.580000, 4, 14354.570000, 17, '2024-07-17'),
	(76, 72200.130000, 4, 12492.940000, 18, '2024-07-17'),
	(77, 64152.820000, 3, 10204.960000, 19, '2024-07-17'),
	(78, 62806.340000, 3, 9868.340000, 20, '2024-07-17'),
	(79, 51221.600000, 3, 6972.150000, 21, '2024-07-17'),
	(80, 51863.690000, 3, 7132.670000, 22, '2024-07-17'),
	(81, 27861.930000, 2, 1405.790000, 23, '2024-07-17'),
	(82, 26299.420000, 2, 1093.280000, 24, '2024-07-17'),
	(83, 27347.420000, 2, 1302.880000, 26, '2024-07-17'),
	(84, 28966.620000, 2, 1626.720000, 25, '2024-07-17'),
	(85, 28394.200000, 2, 1512.240000, 27, '2024-07-17'),
	(86, 28015.920000, 2, 1436.580000, 28, '2024-07-17'),
	(87, 27015.970000, 2, 1236.590000, 29, '2024-07-17'),
	(88, 29267.990000, 2, 1687.000000, 30, '2024-07-17'),
	(89, 30666.810000, 2, 1966.760000, 31, '2024-07-17'),
	(90, 30175.770000, 2, 1868.550000, 32, '2024-07-17'),
	(91, 27670.340000, 2, 1367.470000, 33, '2024-07-17'),
	(92, 25926.630000, 2, 1018.730000, 34, '2024-07-17'),
	(93, 27308.310000, 2, 1295.060000, 35, '2024-07-17'),
	(94, 27185.570000, 2, 1270.510000, 36, '2024-07-17');

-- Dumping structure for table payroll_sys.tax_category
CREATE TABLE IF NOT EXISTS `tax_category` (
  `tax_cat_id` int NOT NULL AUTO_INCREMENT,
  `minimum_monthly_rate` decimal(10,2) DEFAULT NULL,
  `maximum_monthly_rate` decimal(10,2) DEFAULT NULL,
  `tax_rate` decimal(10,2) DEFAULT NULL,
  `additional_tax_rate` decimal(10,2) DEFAULT NULL,
  `name` varchar(50) CHARACTER SET utf8mb4 COLLATE utf8mb4_general_ci DEFAULT NULL,
  PRIMARY KEY (`tax_cat_id`)
) ENGINE=InnoDB AUTO_INCREMENT=7 DEFAULT CHARSET=utf8mb4 COLLATE=utf8mb4_general_ci;

-- Dumping data for table payroll_sys.tax_category: ~6 rows (approximately)
INSERT INTO `tax_category` (`tax_cat_id`, `minimum_monthly_rate`, `maximum_monthly_rate`, `tax_rate`, `additional_tax_rate`, `name`) VALUES
	(1, 0.00, 20832.00, 0.00, 0.00, 'Primary'),
	(2, 20833.00, 33333.00, 0.20, 0.00, 'Secondary'),
	(3, 33333.00, 66667.00, 0.25, 2500.00, 'Tertiary'),
	(4, 66667.00, 166667.00, 0.30, 10833.00, 'Quaternary'),
	(5, 166667.00, 666667.00, 0.32, 40833.33, 'Quinary'),
	(6, 666667.00, 1000000.00, 0.35, 200833.33, 'Senary');

-- Dumping structure for table payroll_sys.timesheet
CREATE TABLE IF NOT EXISTS `timesheet` (
  `timesheet_id` int NOT NULL AUTO_INCREMENT,
  `date` date NOT NULL,
  `time_in` time NOT NULL,
  `time_out` time DEFAULT NULL,
  `employee_id` int DEFAULT NULL,
  PRIMARY KEY (`timesheet_id`),
  KEY `FK_timesheet_employee` (`employee_id`),
  CONSTRAINT `FK_timesheet_employee` FOREIGN KEY (`employee_id`) REFERENCES `employee` (`employee_id`)
) ENGINE=InnoDB AUTO_INCREMENT=8494 DEFAULT CHARSET=utf8mb4 COLLATE=utf8mb4_general_ci;

-- Dumping data for table payroll_sys.timesheet: ~998 rows (approximately)
INSERT INTO `timesheet` (`timesheet_id`, `date`, `time_in`, `time_out`, `employee_id`) VALUES
	(5644, '2024-04-02', '08:37:00', '17:53:00', 6),
	(5645, '2024-04-03', '11:08:00', '16:12:00', 6),
	(5646, '2024-04-04', '08:33:00', '16:13:00', 6),
	(5647, '2024-04-05', '11:45:00', '17:55:00', 6),
	(5648, '2024-04-06', '09:10:00', '16:56:00', 6),
	(5649, '2024-04-07', '11:33:00', '16:59:00', 6),
	(5650, '2024-04-08', '08:44:00', '16:22:00', 6),
	(5651, '2024-04-09', '08:33:00', '17:16:00', 6),
	(5652, '2024-04-10', '08:21:00', '16:30:00', 6),
	(5653, '2024-04-11', '10:22:00', '17:03:00', 6),
	(5654, '2024-04-12', '10:38:00', '16:34:00', 6),
	(5655, '2024-04-13', '11:52:00', '16:25:00', 6),
	(5656, '2024-04-14', '10:40:00', '17:56:00', 6),
	(5657, '2024-04-15', '08:03:00', '17:59:00', 6),
	(5658, '2024-04-16', '11:57:00', '16:32:00', 6),
	(5659, '2024-04-17', '11:04:00', '17:25:00', 6),
	(5660, '2024-04-18', '11:30:00', '16:06:00', 6),
	(5661, '2024-04-19', '10:19:00', '17:12:00', 6),
	(5662, '2024-04-20', '11:52:00', '16:23:00', 6),
	(5663, '2024-04-21', '09:24:00', '17:02:00', 6),
	(5664, '2024-04-22', '08:41:00', '17:44:00', 6),
	(5665, '2024-04-23', '09:55:00', '16:33:00', 6),
	(5666, '2024-04-24', '11:06:00', '17:36:00', 6),
	(5667, '2024-04-25', '09:57:00', '17:10:00', 6),
	(5668, '2024-04-26', '08:20:00', '17:57:00', 6),
	(5669, '2024-04-27', '09:30:00', '17:58:00', 6),
	(5670, '2024-04-28', '09:24:00', '17:39:00', 6),
	(5671, '2024-04-29', '10:03:00', '16:56:00', 6),
	(5673, '2024-05-01', '09:55:00', '17:11:00', 6),
	(5674, '2024-05-02', '10:54:00', '16:30:00', 6),
	(5675, '2024-05-03', '09:00:00', '17:19:00', 6),
	(5676, '2024-05-04', '08:54:00', '17:02:00', 6),
	(5677, '2024-05-05', '10:41:00', '17:37:00', 6),
	(5678, '2024-05-06', '08:00:00', '00:00:00', 6),
	(5679, '2024-05-07', '11:46:00', '16:16:00', 6),
	(5680, '2024-05-08', '10:34:00', '17:23:00', 6),
	(5681, '2024-05-09', '10:05:00', '16:09:00', 6),
	(5682, '2024-05-10', '11:29:00', '17:17:00', 6),
	(5683, '2024-05-11', '10:57:00', '17:08:00', 6),
	(5684, '2024-05-12', '11:44:00', '17:41:00', 6),
	(5685, '2024-05-13', '11:38:00', '17:17:00', 6),
	(5686, '2024-05-14', '08:52:00', '17:34:00', 6),
	(5687, '2024-05-15', '11:01:00', '17:19:00', 6),
	(5688, '2024-05-16', '09:22:00', '17:58:00', 6),
	(5689, '2024-05-17', '11:19:00', '16:45:00', 6),
	(5690, '2024-05-18', '11:04:00', '17:18:00', 6),
	(5691, '2024-05-19', '08:51:00', '16:37:00', 6),
	(5692, '2024-05-20', '09:11:00', '16:20:00', 6),
	(5693, '2024-05-21', '11:58:00', '16:22:00', 6),
	(5694, '2024-05-22', '10:00:00', '16:25:00', 6),
	(5695, '2024-05-23', '11:04:00', '17:12:00', 6),
	(5696, '2024-05-24', '10:25:00', '17:01:00', 6),
	(5697, '2024-05-25', '09:50:00', '17:20:00', 6),
	(5698, '2024-05-26', '10:10:00', '17:20:00', 6),
	(5699, '2024-05-27', '10:44:00', '16:50:00', 6),
	(5701, '2024-05-29', '08:13:00', '16:57:00', 6),
	(5702, '2024-05-30', '10:01:00', '17:56:00', 6),
	(5703, '2024-05-31', '11:51:00', '16:27:00', 6),
	(5704, '2024-06-01', '10:13:00', '17:37:00', 6),
	(5705, '2024-06-02', '08:58:00', '17:07:00', 6),
	(5709, '2024-06-06', '10:51:00', '17:05:00', 6),
	(5710, '2024-06-07', '11:16:00', '16:43:00', 6),
	(5711, '2024-06-08', '11:30:00', '16:52:00', 6),
	(5712, '2024-06-09', '11:41:00', '17:10:00', 6),
	(5713, '2024-06-10', '10:47:00', '17:01:00', 6),
	(5714, '2024-06-11', '11:53:00', '17:46:00', 6),
	(5715, '2024-06-12', '09:38:00', '17:13:00', 6),
	(5716, '2024-06-13', '11:50:00', '17:03:00', 6),
	(5717, '2024-06-14', '11:32:00', '17:25:00', 6),
	(5718, '2024-06-15', '08:44:00', '17:37:00', 6),
	(5719, '2024-06-16', '08:09:00', '17:55:00', 6),
	(5720, '2024-06-17', '10:02:00', '17:47:00', 6),
	(5721, '2024-06-18', '09:57:00', '17:21:00', 6),
	(5722, '2024-06-19', '10:25:00', '16:29:00', 6),
	(5723, '2024-06-20', '10:05:00', '17:35:00', 6),
	(5724, '2024-06-21', '11:06:00', '16:12:00', 6),
	(5725, '2024-06-22', '11:24:00', '16:43:00', 6),
	(5726, '2024-06-23', '10:22:00', '16:31:00', 6),
	(5727, '2024-06-24', '10:48:00', '16:04:00', 6),
	(5728, '2024-06-25', '10:54:00', '17:00:00', 6),
	(5729, '2024-06-26', '09:32:00', '16:06:00', 6),
	(5730, '2024-06-27', '11:57:00', '17:47:00', 6),
	(5731, '2024-06-28', '11:37:00', '17:05:00', 6),
	(5732, '2024-06-29', '11:15:00', '16:43:00', 6),
	(5733, '2024-06-30', '10:51:00', '16:27:00', 6),
	(5734, '2024-04-01', '11:49:00', '16:00:00', 7),
	(5735, '2024-04-02', '10:50:00', '17:28:00', 7),
	(5736, '2024-04-03', '08:33:00', '17:23:00', 7),
	(5737, '2024-04-04', '11:07:00', '17:05:00', 7),
	(5738, '2024-04-05', '10:12:00', '16:25:00', 7),
	(5739, '2024-04-06', '08:15:00', '16:47:00', 7),
	(5740, '2024-04-07', '10:48:00', '16:22:00', 7),
	(5741, '2024-04-08', '11:16:00', '17:39:00', 7),
	(5742, '2024-04-09', '09:37:00', '17:09:00', 7),
	(5743, '2024-04-10', '11:17:00', '17:42:00', 7),
	(5744, '2024-04-11', '09:50:00', '16:26:00', 7),
	(5745, '2024-04-12', '11:04:00', '16:23:00', 7),
	(5746, '2024-04-13', '09:38:00', '16:42:00', 7),
	(5747, '2024-04-14', '09:47:00', '17:53:00', 7),
	(5748, '2024-04-15', '10:21:00', '16:35:00', 7),
	(5749, '2024-04-16', '10:33:00', '16:56:00', 7),
	(5750, '2024-04-17', '10:11:00', '16:18:00', 7),
	(5751, '2024-04-18', '08:39:00', '16:53:00', 7),
	(5752, '2024-04-19', '09:01:00', '16:22:00', 7),
	(5753, '2024-04-20', '09:57:00', '17:49:00', 7),
	(5754, '2024-04-21', '09:20:00', '17:36:00', 7),
	(5755, '2024-04-22', '10:25:00', '16:00:00', 7),
	(5756, '2024-04-23', '09:11:00', '17:38:00', 7),
	(5757, '2024-04-24', '09:52:00', '17:55:00', 7),
	(5758, '2024-04-25', '10:58:00', '17:18:00', 7),
	(5759, '2024-04-26', '08:09:00', '17:27:00', 7),
	(5760, '2024-04-27', '08:07:00', '16:34:00', 7),
	(5761, '2024-04-28', '09:20:00', '17:49:00', 7),
	(5762, '2024-04-29', '08:10:00', '16:11:00', 7),
	(5763, '2024-04-30', '10:08:00', '16:02:00', 7),
	(5764, '2024-05-01', '10:42:00', '16:17:00', 7),
	(5765, '2024-05-02', '08:39:00', '17:31:00', 7),
	(5766, '2024-05-03', '09:31:00', '17:14:00', 7),
	(5767, '2024-05-04', '10:08:00', '16:40:00', 7),
	(5768, '2024-05-05', '11:39:00', '16:11:00', 7),
	(5769, '2024-05-06', '09:15:00', '16:33:00', 7),
	(5770, '2024-05-07', '11:55:00', '16:25:00', 7),
	(5771, '2024-05-08', '08:14:00', '16:21:00', 7),
	(5772, '2024-05-09', '11:01:00', '17:17:00', 7),
	(5773, '2024-05-10', '08:12:00', '16:04:00', 7),
	(5774, '2024-05-11', '08:05:00', '17:58:00', 7),
	(5775, '2024-05-12', '11:58:00', '16:06:00', 7),
	(5776, '2024-05-13', '10:21:00', '17:17:00', 7),
	(5777, '2024-05-14', '09:35:00', '16:16:00', 7),
	(5778, '2024-05-15', '11:27:00', '16:48:00', 7),
	(5779, '2024-05-16', '08:06:00', '17:00:00', 7),
	(5780, '2024-05-17', '09:20:00', '17:41:00', 7),
	(5781, '2024-05-18', '08:56:00', '17:22:00', 7),
	(5782, '2024-05-19', '11:44:00', '17:29:00', 7),
	(5783, '2024-05-20', '08:08:00', '16:46:00', 7),
	(5784, '2024-05-21', '11:46:00', '17:04:00', 7),
	(5785, '2024-05-22', '11:40:00', '17:10:00', 7),
	(5786, '2024-05-23', '08:43:00', '17:57:00', 7),
	(5787, '2024-05-24', '11:43:00', '16:39:00', 7),
	(5788, '2024-05-25', '10:27:00', '17:03:00', 7),
	(5789, '2024-05-26', '08:27:00', '16:57:00', 7),
	(5790, '2024-05-27', '09:45:00', '17:40:00', 7),
	(5791, '2024-05-28', '11:54:00', '17:57:00', 7),
	(5792, '2024-05-29', '09:06:00', '16:03:00', 7),
	(5793, '2024-05-30', '08:06:00', '16:00:00', 7),
	(5794, '2024-05-31', '08:22:00', '16:47:00', 7),
	(5795, '2024-06-01', '08:54:00', '16:14:00', 7),
	(5796, '2024-06-02', '09:07:00', '16:12:00', 7),
	(5797, '2024-06-03', '10:41:00', '17:05:00', 7),
	(5798, '2024-06-04', '11:51:00', '16:59:00', 7),
	(5799, '2024-06-05', '08:24:00', '16:18:00', 7),
	(5800, '2024-06-06', '11:19:00', '17:50:00', 7),
	(5801, '2024-06-07', '08:17:00', '17:24:00', 7),
	(5802, '2024-06-08', '11:08:00', '17:11:00', 7),
	(5803, '2024-06-09', '11:44:00', '16:22:00', 7),
	(5804, '2024-06-10', '08:32:00', '16:40:00', 7),
	(5805, '2024-06-11', '10:26:00', '16:39:00', 7),
	(5806, '2024-06-12', '10:15:00', '16:25:00', 7),
	(5807, '2024-06-13', '08:21:00', '16:33:00', 7),
	(5808, '2024-06-14', '08:59:00', '16:15:00', 7),
	(5809, '2024-06-15', '11:41:00', '16:28:00', 7),
	(5810, '2024-06-16', '09:34:00', '17:13:00', 7),
	(5811, '2024-06-17', '09:27:00', '17:01:00', 7),
	(5812, '2024-06-18', '08:21:00', '16:34:00', 7),
	(5813, '2024-06-19', '08:38:00', '16:49:00', 7),
	(5814, '2024-06-20', '11:44:00', '16:39:00', 7),
	(5815, '2024-06-21', '08:31:00', '17:26:00', 7),
	(5816, '2024-06-22', '11:22:00', '16:20:00', 7),
	(5817, '2024-06-23', '10:02:00', '16:50:00', 7),
	(5818, '2024-06-24', '11:39:00', '17:24:00', 7),
	(5819, '2024-06-25', '09:20:00', '16:25:00', 7),
	(5820, '2024-06-26', '10:02:00', '16:27:00', 7),
	(5821, '2024-06-27', '11:52:00', '17:41:00', 7),
	(5822, '2024-06-28', '11:30:00', '17:57:00', 7),
	(5823, '2024-06-29', '09:36:00', '17:37:00', 7),
	(5824, '2024-06-30', '09:31:00', '17:37:00', 7),
	(5825, '2024-04-01', '09:40:00', '17:48:00', 8),
	(5826, '2024-04-02', '08:00:00', '16:25:00', 8),
	(5827, '2024-04-03', '08:35:00', '17:29:00', 8),
	(5828, '2024-04-04', '10:40:00', '17:50:00', 8),
	(5829, '2024-04-05', '09:58:00', '17:06:00', 8),
	(5830, '2024-04-06', '11:46:00', '16:30:00', 8),
	(5831, '2024-04-07', '08:34:00', '16:19:00', 8),
	(5832, '2024-04-08', '09:58:00', '17:08:00', 8),
	(5833, '2024-04-09', '10:18:00', '16:25:00', 8),
	(5834, '2024-04-10', '09:52:00', '16:00:00', 8),
	(5835, '2024-04-11', '08:00:00', '17:09:00', 8),
	(5836, '2024-04-12', '08:26:00', '16:04:00', 8),
	(5837, '2024-04-13', '10:06:00', '17:24:00', 8),
	(5838, '2024-04-14', '09:31:00', '17:19:00', 8),
	(5839, '2024-04-15', '10:35:00', '16:26:00', 8),
	(5840, '2024-04-16', '10:00:00', '16:59:00', 8),
	(5841, '2024-04-17', '11:38:00', '17:34:00', 8),
	(5842, '2024-04-18', '08:27:00', '17:08:00', 8),
	(5843, '2024-04-19', '09:59:00', '17:25:00', 8),
	(5844, '2024-04-20', '09:40:00', '16:33:00', 8),
	(5845, '2024-04-21', '08:02:00', '16:32:00', 8),
	(5846, '2024-04-22', '09:22:00', '17:44:00', 8),
	(5847, '2024-04-23', '11:45:00', '17:04:00', 8),
	(5848, '2024-04-24', '09:04:00', '17:58:00', 8),
	(5849, '2024-04-25', '09:14:00', '17:25:00', 8),
	(5850, '2024-04-26', '09:46:00', '16:14:00', 8),
	(5851, '2024-04-27', '09:43:00', '17:01:00', 8),
	(5852, '2024-04-28', '09:55:00', '16:53:00', 8),
	(5853, '2024-04-29', '09:36:00', '17:04:00', 8),
	(5854, '2024-04-30', '08:30:00', '16:24:00', 8),
	(5855, '2024-05-01', '08:26:00', '17:20:00', 8),
	(5856, '2024-05-02', '09:51:00', '17:43:00', 8),
	(5857, '2024-05-03', '09:51:00', '16:08:00', 8),
	(5858, '2024-05-04', '10:09:00', '17:29:00', 8),
	(5859, '2024-05-05', '08:26:00', '17:34:00', 8),
	(5860, '2024-05-06', '10:42:00', '17:31:00', 8),
	(5861, '2024-05-07', '10:13:00', '17:42:00', 8),
	(5862, '2024-05-08', '10:16:00', '17:20:00', 8),
	(5863, '2024-05-09', '11:03:00', '16:18:00', 8),
	(5864, '2024-05-10', '10:24:00', '17:56:00', 8),
	(5865, '2024-05-11', '09:21:00', '17:01:00', 8),
	(5866, '2024-05-12', '11:38:00', '17:19:00', 8),
	(5867, '2024-05-13', '09:51:00', '16:30:00', 8),
	(5868, '2024-05-14', '09:14:00', '16:20:00', 8),
	(5869, '2024-05-15', '10:50:00', '16:25:00', 8),
	(5870, '2024-05-16', '09:27:00', '17:48:00', 8),
	(5871, '2024-05-17', '09:24:00', '17:26:00', 8),
	(5872, '2024-05-18', '11:43:00', '17:57:00', 8),
	(5873, '2024-05-19', '10:52:00', '16:14:00', 8),
	(5874, '2024-05-20', '09:15:00', '16:30:00', 8),
	(5875, '2024-05-21', '09:21:00', '16:35:00', 8),
	(5876, '2024-05-22', '08:42:00', '16:07:00', 8),
	(5877, '2024-05-23', '09:01:00', '17:37:00', 8),
	(5878, '2024-05-24', '09:27:00', '16:39:00', 8),
	(5879, '2024-05-25', '11:53:00', '17:40:00', 8),
	(5880, '2024-05-26', '10:17:00', '17:16:00', 8),
	(5881, '2024-05-27', '11:28:00', '16:54:00', 8),
	(5882, '2024-05-28', '09:28:00', '21:30:00', 8),
	(5883, '2024-05-29', '10:05:00', '17:36:00', 8),
	(5884, '2024-05-30', '09:54:00', '16:37:00', 8),
	(5885, '2024-05-31', '08:27:00', '15:16:00', 8),
	(5886, '2024-06-01', '11:49:00', '16:06:00', 8),
	(5887, '2024-06-02', '08:01:00', '16:45:00', 8),
	(5888, '2024-06-03', '09:25:00', '16:11:00', 8),
	(5889, '2024-06-04', '09:01:00', '16:09:00', 8),
	(5890, '2024-06-05', '09:56:00', '16:48:00', 8),
	(5891, '2024-06-06', '10:56:00', '17:17:00', 8),
	(5892, '2024-06-07', '08:31:00', '16:42:00', 8),
	(5893, '2024-06-08', '11:39:00', '17:52:00', 8),
	(5894, '2024-06-09', '08:12:00', '16:32:00', 8),
	(5895, '2024-06-10', '09:02:00', '17:08:00', 8),
	(5896, '2024-06-11', '08:32:00', '17:42:00', 8),
	(5897, '2024-06-12', '10:19:00', '16:56:00', 8),
	(5898, '2024-06-13', '08:11:00', '17:44:00', 8),
	(5899, '2024-06-14', '09:56:00', '16:50:00', 8),
	(5900, '2024-06-15', '09:01:00', '16:10:00', 8),
	(5901, '2024-06-16', '08:47:00', '17:35:00', 8),
	(5902, '2024-06-17', '08:44:00', '16:39:00', 8),
	(5903, '2024-06-18', '09:15:00', '16:36:00', 8),
	(5904, '2024-06-19', '10:57:00', '17:22:00', 8),
	(5905, '2024-06-20', '10:38:00', '16:37:00', 8),
	(5906, '2024-06-21', '08:42:00', '16:26:00', 8),
	(5907, '2024-06-22', '11:10:00', '17:32:00', 8),
	(5908, '2024-06-23', '11:18:00', '17:36:00', 8),
	(5909, '2024-06-24', '08:10:00', '17:52:00', 8),
	(5910, '2024-06-25', '10:10:00', '16:52:00', 8),
	(5911, '2024-06-26', '08:15:00', '16:43:00', 8),
	(5912, '2024-06-27', '11:00:00', '17:31:00', 8),
	(5913, '2024-06-28', '09:53:00', '17:06:00', 8),
	(5914, '2024-06-29', '08:24:00', '16:49:00', 8),
	(5915, '2024-06-30', '10:34:00', '17:17:00', 8),
	(5916, '2024-04-01', '08:04:00', '17:44:00', 9),
	(5917, '2024-04-02', '10:19:00', '17:26:00', 9),
	(5918, '2024-04-03', '08:30:00', '16:18:00', 9),
	(5919, '2024-04-04', '08:24:00', '16:57:00', 9),
	(5920, '2024-04-05', '09:18:00', '17:21:00', 9),
	(5921, '2024-04-06', '09:06:00', '16:54:00', 9),
	(5922, '2024-04-07', '10:54:00', '16:18:00', 9),
	(5923, '2024-04-08', '09:20:00', '16:47:00', 9),
	(5924, '2024-04-09', '08:27:00', '16:52:00', 9),
	(5925, '2024-04-10', '10:28:00', '16:53:00', 9),
	(5926, '2024-04-11', '09:38:00', '17:55:00', 9),
	(5927, '2024-04-12', '10:52:00', '17:20:00', 9),
	(5928, '2024-04-13', '11:06:00', '16:43:00', 9),
	(5929, '2024-04-14', '08:27:00', '16:49:00', 9),
	(5930, '2024-04-15', '09:10:00', '17:20:00', 9),
	(5931, '2024-04-16', '09:59:00', '17:01:00', 9),
	(5932, '2024-04-17', '09:34:00', '16:06:00', 9),
	(5933, '2024-04-18', '08:35:00', '16:05:00', 9),
	(5934, '2024-04-19', '09:04:00', '17:20:00', 9),
	(5935, '2024-04-20', '09:44:00', '16:29:00', 9),
	(5936, '2024-04-21', '09:17:00', '17:14:00', 9),
	(5937, '2024-04-22', '09:42:00', '16:03:00', 9),
	(5938, '2024-04-23', '10:35:00', '16:09:00', 9),
	(5939, '2024-04-24', '10:13:00', '16:19:00', 9),
	(5940, '2024-04-25', '10:09:00', '17:18:00', 9),
	(5941, '2024-04-26', '09:37:00', '16:02:00', 9),
	(5942, '2024-04-27', '11:08:00', '16:29:00', 9),
	(5943, '2024-04-28', '11:16:00', '16:33:00', 9),
	(5944, '2024-04-29', '08:02:00', '17:10:00', 9),
	(5945, '2024-04-30', '09:25:00', '16:12:00', 9),
	(5946, '2024-05-01', '09:27:00', '16:14:00', 9),
	(5947, '2024-05-02', '09:49:00', '17:57:00', 9),
	(5948, '2024-05-03', '08:13:00', '16:06:00', 9),
	(5949, '2024-05-04', '10:27:00', '17:28:00', 9),
	(5950, '2024-05-05', '11:41:00', '17:01:00', 9),
	(5951, '2024-05-06', '10:28:00', '16:47:00', 9),
	(5952, '2024-05-07', '11:57:00', '16:50:00', 9),
	(5953, '2024-05-08', '08:09:00', '16:53:00', 9),
	(5954, '2024-05-09', '11:42:00', '17:02:00', 9),
	(5955, '2024-05-10', '09:46:00', '16:12:00', 9),
	(5956, '2024-05-11', '08:13:00', '17:56:00', 9),
	(5957, '2024-05-12', '09:15:00', '17:08:00', 9),
	(5958, '2024-05-13', '11:43:00', '17:48:00', 9),
	(5959, '2024-05-14', '09:12:00', '17:11:00', 9),
	(5960, '2024-05-15', '11:03:00', '16:27:00', 9),
	(5961, '2024-05-16', '11:30:00', '16:00:00', 9),
	(5962, '2024-05-17', '10:08:00', '17:55:00', 9),
	(5963, '2024-05-18', '09:18:00', '17:22:00', 9),
	(5964, '2024-05-19', '08:18:00', '17:05:00', 9),
	(5965, '2024-05-20', '10:58:00', '17:28:00', 9),
	(5966, '2024-05-21', '10:59:00', '16:28:00', 9),
	(5967, '2024-05-22', '09:00:00', '16:45:00', 9),
	(5968, '2024-05-23', '10:15:00', '17:12:00', 9),
	(5969, '2024-05-24', '08:16:00', '17:19:00', 9),
	(5970, '2024-05-25', '09:14:00', '17:46:00', 9),
	(5971, '2024-05-26', '09:47:00', '17:57:00', 9),
	(5972, '2024-05-27', '09:39:00', '16:56:00', 9),
	(5973, '2024-05-28', '08:24:00', '17:26:00', 9),
	(5974, '2024-05-29', '09:00:00', '16:55:00', 9),
	(5975, '2024-05-30', '09:08:00', '16:49:00', 9),
	(5976, '2024-05-31', '10:42:00', '16:14:00', 9),
	(5977, '2024-06-01', '10:19:00', '17:49:00', 9),
	(5978, '2024-06-02', '11:24:00', '17:06:00', 9),
	(5979, '2024-06-03', '11:26:00', '16:56:00', 9),
	(5980, '2024-06-04', '08:48:00', '16:14:00', 9),
	(5981, '2024-06-05', '09:17:00', '17:17:00', 9),
	(5982, '2024-06-06', '10:43:00', '16:10:00', 9),
	(5983, '2024-06-07', '10:12:00', '16:59:00', 9),
	(5984, '2024-06-08', '08:23:00', '16:33:00', 9),
	(5985, '2024-06-09', '11:23:00', '17:10:00', 9),
	(5986, '2024-06-10', '09:48:00', '17:24:00', 9),
	(5987, '2024-06-11', '08:11:00', '16:35:00', 9),
	(5988, '2024-06-12', '10:02:00', '17:10:00', 9),
	(5989, '2024-06-13', '10:16:00', '16:45:00', 9),
	(5990, '2024-06-14', '10:11:00', '16:52:00', 9),
	(5991, '2024-06-15', '08:31:00', '17:04:00', 9),
	(5992, '2024-06-16', '08:46:00', '17:37:00', 9),
	(5993, '2024-06-17', '09:15:00', '17:46:00', 9),
	(5994, '2024-06-18', '08:21:00', '17:56:00', 9),
	(5995, '2024-06-19', '09:58:00', '17:30:00', 9),
	(5996, '2024-06-20', '10:52:00', '16:42:00', 9),
	(5997, '2024-06-21', '09:35:00', '17:03:00', 9),
	(5998, '2024-06-22', '09:12:00', '16:26:00', 9),
	(5999, '2024-06-23', '08:07:00', '16:46:00', 9),
	(6000, '2024-06-24', '11:44:00', '16:01:00', 9),
	(6001, '2024-06-25', '10:05:00', '16:13:00', 9),
	(6002, '2024-06-26', '11:36:00', '17:06:00', 9),
	(6003, '2024-06-27', '09:59:00', '16:49:00', 9),
	(6004, '2024-06-28', '11:02:00', '16:44:00', 9),
	(6005, '2024-06-29', '11:56:00', '17:37:00', 9),
	(6006, '2024-06-30', '09:15:00', '17:52:00', 9),
	(6007, '2024-04-01', '09:14:00', '17:39:00', 10),
	(6008, '2024-04-02', '11:41:00', '17:37:00', 10),
	(6009, '2024-04-03', '10:36:00', '16:08:00', 10),
	(6010, '2024-04-04', '08:03:00', '16:53:00', 10),
	(6011, '2024-04-05', '11:02:00', '17:16:00', 10),
	(6012, '2024-04-06', '08:25:00', '17:40:00', 10),
	(6013, '2024-04-07', '08:29:00', '17:49:00', 10),
	(6014, '2024-04-08', '10:23:00', '16:26:00', 10),
	(6015, '2024-04-09', '08:13:00', '17:26:00', 10),
	(6016, '2024-04-10', '10:23:00', '16:43:00', 10),
	(6017, '2024-04-11', '11:03:00', '16:58:00', 10),
	(6018, '2024-04-12', '10:50:00', '16:57:00', 10),
	(6019, '2024-04-13', '10:35:00', '16:20:00', 10),
	(6020, '2024-04-14', '09:33:00', '17:36:00', 10),
	(6021, '2024-04-15', '10:44:00', '17:13:00', 10),
	(6022, '2024-04-16', '11:21:00', '16:39:00', 10),
	(6023, '2024-04-17', '11:17:00', '16:44:00', 10),
	(6024, '2024-04-18', '08:44:00', '17:53:00', 10),
	(6025, '2024-04-19', '10:47:00', '17:38:00', 10),
	(6026, '2024-04-20', '09:28:00', '16:36:00', 10),
	(6027, '2024-04-21', '08:41:00', '16:44:00', 10),
	(6028, '2024-04-22', '09:49:00', '16:58:00', 10),
	(6029, '2024-04-23', '08:54:00', '17:07:00', 10),
	(6030, '2024-04-24', '10:08:00', '16:59:00', 10),
	(6031, '2024-04-25', '09:04:00', '17:03:00', 10),
	(6032, '2024-04-26', '09:40:00', '17:24:00', 10),
	(6033, '2024-04-27', '11:48:00', '17:10:00', 10),
	(6034, '2024-04-28', '11:41:00', '17:20:00', 10),
	(6035, '2024-04-29', '09:14:00', '17:24:00', 10),
	(6036, '2024-04-30', '11:01:00', '16:46:00', 10),
	(6037, '2024-05-01', '09:24:00', '16:18:00', 10),
	(6038, '2024-05-02', '08:56:00', '17:52:00', 10),
	(6039, '2024-05-03', '09:23:00', '17:08:00', 10),
	(6040, '2024-05-04', '08:10:00', '17:19:00', 10),
	(6041, '2024-05-05', '11:43:00', '17:54:00', 10),
	(6042, '2024-05-06', '09:17:00', '17:13:00', 10),
	(6043, '2024-05-07', '10:16:00', '17:44:00', 10),
	(6044, '2024-05-08', '09:33:00', '16:13:00', 10),
	(6045, '2024-05-09', '11:40:00', '16:15:00', 10),
	(6046, '2024-05-10', '10:50:00', '17:36:00', 10),
	(6047, '2024-05-11', '09:38:00', '16:36:00', 10),
	(6048, '2024-05-12', '11:50:00', '16:47:00', 10),
	(6049, '2024-05-13', '09:06:00', '16:36:00', 10),
	(6050, '2024-05-14', '09:21:00', '17:25:00', 10),
	(6051, '2024-05-15', '09:09:00', '16:24:00', 10),
	(6052, '2024-05-16', '08:18:00', '17:59:00', 10),
	(6053, '2024-05-17', '08:03:00', '17:00:00', 10),
	(6054, '2024-05-18', '09:49:00', '17:43:00', 10),
	(6055, '2024-05-19', '08:00:00', '16:18:00', 10),
	(6056, '2024-05-20', '11:21:00', '16:48:00', 10),
	(6057, '2024-05-21', '09:45:00', '16:25:00', 10),
	(6058, '2024-05-22', '11:17:00', '17:22:00', 10),
	(6059, '2024-05-23', '08:19:00', '16:16:00', 10),
	(6060, '2024-05-24', '09:00:00', '16:20:00', 10),
	(6061, '2024-05-25', '08:01:00', '17:18:00', 10),
	(6062, '2024-05-26', '10:18:00', '16:23:00', 10),
	(6063, '2024-05-27', '08:19:00', '17:30:00', 10),
	(6064, '2024-05-28', '10:22:00', '16:37:00', 10),
	(6065, '2024-05-29', '09:38:00', '16:10:00', 10),
	(6066, '2024-05-30', '11:00:00', '17:05:00', 10),
	(6067, '2024-05-31', '11:19:00', '16:45:00', 10),
	(6068, '2024-06-01', '09:58:00', '17:27:00', 10),
	(6069, '2024-06-02', '11:37:00', '16:38:00', 10),
	(6070, '2024-06-03', '11:44:00', '17:22:00', 10),
	(6071, '2024-06-04', '10:26:00', '20:07:00', 10),
	(6072, '2024-06-05', '08:09:00', '16:51:00', 10),
	(6073, '2024-06-06', '08:56:00', '16:46:00', 10),
	(6074, '2024-06-07', '10:02:00', '16:21:00', 10),
	(6075, '2024-06-08', '11:21:00', '17:53:00', 10),
	(6076, '2024-06-09', '09:12:00', '17:33:00', 10),
	(6077, '2024-06-10', '10:09:00', '17:55:00', 10),
	(6078, '2024-06-11', '09:08:00', '16:20:00', 10),
	(6079, '2024-06-12', '08:44:00', '16:04:00', 10),
	(6080, '2024-06-13', '09:19:00', '16:38:00', 10),
	(6081, '2024-06-14', '10:55:00', '17:17:00', 10),
	(6082, '2024-06-15', '08:04:00', '16:43:00', 10),
	(6083, '2024-06-16', '09:49:00', '17:02:00', 10),
	(6084, '2024-06-17', '09:59:00', '16:49:00', 10),
	(6085, '2024-06-18', '10:04:00', '16:57:00', 10),
	(6086, '2024-06-19', '08:21:00', '17:11:00', 10),
	(6087, '2024-06-20', '08:35:00', '16:03:00', 10),
	(6088, '2024-06-21', '11:28:00', '16:33:00', 10),
	(6089, '2024-06-22', '11:14:00', '17:03:00', 10),
	(6090, '2024-06-23', '11:57:00', '17:02:00', 10),
	(6091, '2024-06-24', '10:39:00', '16:15:00', 10),
	(6092, '2024-06-25', '11:26:00', '16:49:00', 10),
	(6093, '2024-06-26', '10:17:00', '16:16:00', 10),
	(6094, '2024-06-27', '10:19:00', '16:41:00', 10),
	(6095, '2024-06-28', '11:21:00', '17:07:00', 10),
	(6096, '2024-06-29', '10:55:00', '17:05:00', 10),
	(6097, '2024-06-30', '11:03:00', '16:08:00', 10),
	(6098, '2024-04-01', '11:25:00', '16:20:00', 11),
	(6099, '2024-04-02', '11:43:00', '17:52:00', 11),
	(6100, '2024-04-03', '10:09:00', '17:58:00', 11),
	(6101, '2024-04-04', '08:50:00', '17:48:00', 11),
	(6102, '2024-04-05', '08:58:00', '16:34:00', 11),
	(6103, '2024-04-06', '08:27:00', '16:46:00', 11),
	(6104, '2024-04-07', '10:36:00', '16:30:00', 11),
	(6105, '2024-04-08', '09:32:00', '17:32:00', 11),
	(6106, '2024-04-09', '10:13:00', '17:23:00', 11),
	(6107, '2024-04-10', '08:29:00', '17:14:00', 11),
	(6108, '2024-04-11', '11:37:00', '16:27:00', 11),
	(6109, '2024-04-12', '08:53:00', '16:38:00', 11),
	(6110, '2024-04-13', '11:56:00', '16:40:00', 11),
	(6111, '2024-04-14', '09:22:00', '17:15:00', 11),
	(6112, '2024-04-15', '08:55:00', '16:59:00', 11),
	(6113, '2024-04-16', '08:14:00', '16:48:00', 11),
	(6114, '2024-04-17', '09:44:00', '17:51:00', 11),
	(6115, '2024-04-18', '08:16:00', '16:23:00', 11),
	(6116, '2024-04-19', '11:45:00', '16:46:00', 11),
	(6117, '2024-04-20', '08:03:00', '16:57:00', 11),
	(6118, '2024-04-21', '11:50:00', '17:08:00', 11),
	(6119, '2024-04-22', '11:12:00', '17:30:00', 11),
	(6120, '2024-04-23', '08:17:00', '17:57:00', 11),
	(6121, '2024-04-24', '08:14:00', '16:27:00', 11),
	(6122, '2024-04-25', '11:07:00', '16:02:00', 11),
	(6123, '2024-04-26', '10:14:00', '17:41:00', 11),
	(6124, '2024-04-27', '10:14:00', '16:28:00', 11),
	(6125, '2024-04-28', '08:32:00', '17:08:00', 11),
	(6126, '2024-04-29', '10:10:00', '17:29:00', 11),
	(6127, '2024-04-30', '11:14:00', '17:27:00', 11),
	(6128, '2024-05-01', '08:02:00', '17:48:00', 11),
	(6129, '2024-05-02', '10:42:00', '17:44:00', 11),
	(6130, '2024-05-03', '11:01:00', '16:25:00', 11),
	(6131, '2024-05-04', '11:05:00', '17:07:00', 11),
	(6132, '2024-05-05', '11:07:00', '16:56:00', 11),
	(6133, '2024-05-06', '11:28:00', '16:01:00', 11),
	(6134, '2024-05-07', '11:19:00', '16:33:00', 11),
	(6135, '2024-05-08', '08:32:00', '16:10:00', 11),
	(6136, '2024-05-09', '09:20:00', '17:39:00', 11),
	(6137, '2024-05-10', '10:51:00', '17:49:00', 11),
	(6138, '2024-05-11', '10:35:00', '17:35:00', 11),
	(6139, '2024-05-12', '09:47:00', '17:57:00', 11),
	(6140, '2024-05-13', '10:08:00', '16:55:00', 11),
	(6141, '2024-05-14', '08:11:00', '16:11:00', 11),
	(6142, '2024-05-15', '10:06:00', '16:01:00', 11),
	(6143, '2024-05-16', '10:57:00', '17:24:00', 11),
	(6144, '2024-05-17', '09:22:00', '16:27:00', 11),
	(6145, '2024-05-18', '09:56:00', '17:50:00', 11),
	(6146, '2024-05-19', '10:48:00', '17:38:00', 11),
	(6147, '2024-05-20', '10:50:00', '16:47:00', 11),
	(6148, '2024-05-21', '11:22:00', '16:45:00', 11),
	(6149, '2024-05-22', '10:53:00', '17:51:00', 11),
	(6150, '2024-05-23', '08:46:00', '16:17:00', 11),
	(6151, '2024-05-24', '09:39:00', '16:20:00', 11),
	(6152, '2024-05-25', '08:09:00', '17:32:00', 11),
	(6153, '2024-05-26', '08:31:00', '16:53:00', 11),
	(6154, '2024-05-27', '11:36:00', '17:11:00', 11),
	(6155, '2024-05-28', '10:11:00', '16:05:00', 11),
	(6156, '2024-05-29', '08:29:00', '17:22:00', 11),
	(6157, '2024-05-30', '08:26:00', '17:43:00', 11),
	(6158, '2024-05-31', '11:08:00', '17:48:00', 11),
	(6159, '2024-06-01', '08:33:00', '16:13:00', 11),
	(6160, '2024-06-02', '08:59:00', '16:53:00', 11),
	(6161, '2024-06-03', '10:23:00', '16:47:00', 11),
	(6162, '2024-06-04', '08:00:00', '16:14:00', 11),
	(6163, '2024-06-05', '10:34:00', '17:55:00', 11),
	(6164, '2024-06-06', '08:15:00', '17:29:00', 11),
	(6165, '2024-06-07', '09:33:00', '16:25:00', 11),
	(6166, '2024-06-08', '09:19:00', '16:15:00', 11),
	(6167, '2024-06-09', '11:46:00', '17:21:00', 11),
	(6168, '2024-06-10', '10:32:00', '16:11:00', 11),
	(6169, '2024-06-11', '11:24:00', '17:41:00', 11),
	(6170, '2024-06-12', '09:03:00', '17:30:00', 11),
	(6171, '2024-06-13', '10:19:00', '17:34:00', 11),
	(6172, '2024-06-14', '08:34:00', '16:18:00', 11),
	(6173, '2024-06-15', '10:32:00', '16:43:00', 11),
	(6174, '2024-06-16', '09:19:00', '17:05:00', 11),
	(6175, '2024-06-17', '08:44:00', '17:35:00', 11),
	(6176, '2024-06-18', '08:58:00', '16:14:00', 11),
	(6177, '2024-06-19', '08:09:00', '16:42:00', 11),
	(6178, '2024-06-20', '09:49:00', '16:40:00', 11),
	(6179, '2024-06-21', '08:58:00', '16:45:00', 11),
	(6180, '2024-06-22', '08:54:00', '17:07:00', 11),
	(6181, '2024-06-23', '09:13:00', '17:43:00', 11),
	(6182, '2024-06-24', '08:29:00', '16:12:00', 11),
	(6183, '2024-06-25', '09:09:00', '16:32:00', 11),
	(6184, '2024-06-26', '08:32:00', '16:33:00', 11),
	(6185, '2024-06-27', '11:16:00', '16:38:00', 11),
	(6186, '2024-06-28', '11:23:00', '16:11:00', 11),
	(6187, '2024-06-29', '10:47:00', '17:11:00', 11),
	(6188, '2024-06-30', '10:46:00', '16:30:00', 11),
	(6189, '2024-04-01', '08:34:00', '17:16:00', 12),
	(6190, '2024-04-02', '09:24:00', '16:13:00', 12),
	(6191, '2024-04-03', '08:58:00', '17:10:00', 12),
	(6192, '2024-04-04', '11:31:00', '17:41:00', 12),
	(6193, '2024-04-05', '09:35:00', '16:33:00', 12),
	(6194, '2024-04-06', '09:17:00', '17:24:00', 12),
	(6195, '2024-04-07', '11:53:00', '16:07:00', 12),
	(6196, '2024-04-08', '11:26:00', '16:16:00', 12),
	(6197, '2024-04-09', '11:37:00', '16:11:00', 12),
	(6198, '2024-04-10', '10:36:00', '17:27:00', 12),
	(6199, '2024-04-11', '10:55:00', '16:35:00', 12),
	(6200, '2024-04-12', '09:29:00', '16:33:00', 12),
	(6201, '2024-04-13', '08:03:00', '16:51:00', 12),
	(6202, '2024-04-14', '10:09:00', '16:47:00', 12),
	(6203, '2024-04-15', '08:14:00', '16:58:00', 12),
	(6204, '2024-04-16', '09:03:00', '17:32:00', 12),
	(6205, '2024-04-17', '08:19:00', '16:50:00', 12),
	(6206, '2024-04-18', '08:34:00', '16:28:00', 12),
	(6207, '2024-04-19', '08:52:00', '16:42:00', 12),
	(6208, '2024-04-20', '08:34:00', '17:58:00', 12),
	(6209, '2024-04-21', '11:24:00', '16:29:00', 12),
	(6210, '2024-04-22', '08:18:00', '16:56:00', 12),
	(6211, '2024-04-23', '11:05:00', '16:45:00', 12),
	(6212, '2024-04-24', '10:36:00', '17:19:00', 12),
	(6213, '2024-04-25', '09:32:00', '17:46:00', 12),
	(6214, '2024-04-26', '10:22:00', '16:45:00', 12),
	(6215, '2024-04-27', '08:09:00', '17:23:00', 12),
	(6216, '2024-04-28', '08:41:00', '17:36:00', 12),
	(6217, '2024-04-29', '08:18:00', '16:53:00', 12),
	(6218, '2024-04-30', '09:01:00', '16:54:00', 12),
	(6219, '2024-05-01', '10:05:00', '16:25:00', 12),
	(6220, '2024-05-02', '09:18:00', '16:05:00', 12),
	(6221, '2024-05-03', '11:04:00', '16:04:00', 12),
	(6222, '2024-05-04', '10:34:00', '17:53:00', 12),
	(6223, '2024-05-05', '08:26:00', '16:42:00', 12),
	(6224, '2024-05-06', '11:10:00', '16:59:00', 12),
	(6225, '2024-05-07', '09:09:00', '16:09:00', 12),
	(6226, '2024-05-08', '10:44:00', '16:38:00', 12),
	(6227, '2024-05-09', '10:47:00', '17:12:00', 12),
	(6228, '2024-05-10', '10:56:00', '17:25:00', 12),
	(6229, '2024-05-11', '11:59:00', '17:27:00', 12),
	(6230, '2024-05-12', '09:37:00', '16:37:00', 12),
	(6231, '2024-05-13', '08:55:00', '16:43:00', 12),
	(6232, '2024-05-14', '09:21:00', '16:18:00', 12),
	(6233, '2024-05-15', '11:33:00', '16:08:00', 12),
	(6234, '2024-05-16', '10:46:00', '17:59:00', 12),
	(6235, '2024-05-17', '08:31:00', '16:12:00', 12),
	(6236, '2024-05-18', '10:34:00', '16:12:00', 12),
	(6237, '2024-05-19', '11:53:00', '16:39:00', 12),
	(6238, '2024-05-20', '08:36:00', '16:33:00', 12),
	(6239, '2024-05-21', '09:28:00', '16:22:00', 12),
	(6240, '2024-05-22', '11:36:00', '16:26:00', 12),
	(6241, '2024-05-23', '08:10:00', '17:46:00', 12),
	(6242, '2024-05-24', '08:24:00', '16:42:00', 12),
	(6243, '2024-05-25', '11:54:00', '16:20:00', 12),
	(6244, '2024-05-26', '11:53:00', '17:50:00', 12),
	(6245, '2024-05-27', '10:30:00', '16:52:00', 12),
	(6246, '2024-05-28', '09:29:00', '17:13:00', 12),
	(6247, '2024-05-29', '09:48:00', '17:56:00', 12),
	(6248, '2024-05-30', '10:24:00', '16:22:00', 12),
	(6249, '2024-05-31', '11:16:00', '16:11:00', 12),
	(6250, '2024-06-01', '11:45:00', '16:51:00', 12),
	(6251, '2024-06-02', '10:26:00', '17:32:00', 12),
	(6252, '2024-06-03', '09:12:00', '16:22:00', 12),
	(6253, '2024-06-04', '10:34:00', '17:34:00', 12),
	(6254, '2024-06-05', '09:16:00', '16:08:00', 12),
	(6255, '2024-06-06', '10:45:00', '17:55:00', 12),
	(6256, '2024-06-07', '10:43:00', '16:31:00', 12),
	(6257, '2024-06-08', '11:10:00', '16:48:00', 12),
	(6258, '2024-06-09', '08:14:00', '17:29:00', 12),
	(6259, '2024-06-10', '08:24:00', '16:40:00', 12),
	(6260, '2024-06-11', '11:59:00', '17:37:00', 12),
	(6261, '2024-06-12', '08:36:00', '17:26:00', 12),
	(6262, '2024-06-13', '11:11:00', '16:58:00', 12),
	(6263, '2024-06-14', '10:49:00', '17:37:00', 12),
	(6264, '2024-06-15', '08:16:00', '17:25:00', 12),
	(6265, '2024-06-16', '11:46:00', '16:11:00', 12),
	(6266, '2024-06-17', '11:10:00', '17:49:00', 12),
	(6267, '2024-06-18', '10:03:00', '16:01:00', 12),
	(6268, '2024-06-19', '08:39:00', '16:58:00', 12),
	(6269, '2024-06-20', '08:10:00', '17:02:00', 12),
	(6270, '2024-06-21', '08:17:00', '16:41:00', 12),
	(6271, '2024-06-22', '08:13:00', '17:57:00', 12),
	(6272, '2024-06-23', '11:08:00', '17:40:00', 12),
	(6273, '2024-06-24', '11:06:00', '16:22:00', 12),
	(6274, '2024-06-25', '09:25:00', '16:23:00', 12),
	(6275, '2024-06-26', '11:45:00', '16:09:00', 12),
	(6276, '2024-06-27', '10:20:00', '16:43:00', 12),
	(6277, '2024-06-28', '11:58:00', '16:36:00', 12),
	(6278, '2024-06-29', '08:31:00', '16:51:00', 12),
	(6279, '2024-06-30', '10:18:00', '17:44:00', 12),
	(6280, '2024-04-01', '10:50:00', '16:35:00', 13),
	(6281, '2024-04-02', '10:07:00', '16:00:00', 13),
	(6282, '2024-04-03', '09:36:00', '16:07:00', 13),
	(6283, '2024-04-04', '08:45:00', '16:38:00', 13),
	(6284, '2024-04-05', '09:17:00', '16:10:00', 13),
	(6285, '2024-04-06', '08:13:00', '17:51:00', 13),
	(6286, '2024-04-07', '11:07:00', '16:09:00', 13),
	(6287, '2024-04-08', '10:10:00', '17:16:00', 13),
	(6288, '2024-04-09', '09:34:00', '16:22:00', 13),
	(6289, '2024-04-10', '08:54:00', '16:53:00', 13),
	(6290, '2024-04-11', '11:23:00', '17:32:00', 13),
	(6291, '2024-04-12', '09:30:00', '16:55:00', 13),
	(6292, '2024-04-13', '08:50:00', '16:51:00', 13),
	(6293, '2024-04-14', '11:35:00', '16:55:00', 13),
	(6294, '2024-04-15', '08:21:00', '17:30:00', 13),
	(6295, '2024-04-16', '11:26:00', '16:30:00', 13),
	(6296, '2024-04-17', '09:33:00', '16:27:00', 13),
	(6297, '2024-04-18', '11:41:00', '17:01:00', 13),
	(6298, '2024-04-19', '10:44:00', '17:10:00', 13),
	(6299, '2024-04-20', '11:50:00', '17:20:00', 13),
	(6300, '2024-04-21', '08:43:00', '17:47:00', 13),
	(6301, '2024-04-22', '10:24:00', '16:44:00', 13),
	(6302, '2024-04-23', '08:12:00', '16:19:00', 13),
	(6303, '2024-04-24', '11:18:00', '17:39:00', 13),
	(6304, '2024-04-25', '09:27:00', '16:24:00', 13),
	(6305, '2024-04-26', '10:05:00', '16:56:00', 13),
	(6306, '2024-04-27', '09:37:00', '17:15:00', 13),
	(6307, '2024-04-28', '08:19:00', '17:49:00', 13),
	(6308, '2024-04-29', '08:53:00', '17:54:00', 13),
	(6309, '2024-04-30', '08:04:00', '17:51:00', 13),
	(6310, '2024-05-01', '11:20:00', '17:56:00', 13),
	(6311, '2024-05-02', '10:25:00', '17:06:00', 13),
	(6312, '2024-05-03', '09:42:00', '16:02:00', 13),
	(6313, '2024-05-04', '10:26:00', '17:43:00', 13),
	(6314, '2024-05-05', '11:26:00', '16:17:00', 13),
	(6315, '2024-05-06', '08:46:00', '16:19:00', 13),
	(6316, '2024-05-07', '09:48:00', '16:56:00', 13),
	(6317, '2024-05-08', '09:59:00', '17:46:00', 13),
	(6318, '2024-05-09', '08:13:00', '16:28:00', 13),
	(6319, '2024-05-10', '10:49:00', '16:27:00', 13),
	(6320, '2024-05-11', '08:05:00', '16:08:00', 13),
	(6321, '2024-05-12', '09:03:00', '16:44:00', 13),
	(6322, '2024-05-13', '08:34:00', '16:12:00', 13),
	(6323, '2024-05-14', '09:52:00', '16:32:00', 13),
	(6324, '2024-05-15', '11:19:00', '16:28:00', 13),
	(6325, '2024-05-16', '11:37:00', '16:11:00', 13),
	(6326, '2024-05-17', '08:04:00', '16:00:00', 13),
	(6327, '2024-05-18', '09:37:00', '16:26:00', 13),
	(6328, '2024-05-19', '08:37:00', '16:59:00', 13),
	(6329, '2024-05-20', '10:22:00', '16:57:00', 13),
	(6330, '2024-05-21', '08:49:00', '17:42:00', 13),
	(6331, '2024-05-22', '09:23:00', '16:06:00', 13),
	(6332, '2024-05-23', '08:54:00', '17:31:00', 13),
	(6333, '2024-05-24', '11:18:00', '16:33:00', 13),
	(6334, '2024-05-25', '11:17:00', '16:04:00', 13),
	(6335, '2024-05-26', '11:32:00', '16:35:00', 13),
	(6336, '2024-05-27', '09:28:00', '16:03:00', 13),
	(6337, '2024-05-28', '09:14:00', '16:21:00', 13),
	(6338, '2024-05-29', '09:43:00', '17:25:00', 13),
	(6339, '2024-05-30', '10:56:00', '17:40:00', 13),
	(6340, '2024-05-31', '08:14:00', '17:41:00', 13),
	(6341, '2024-06-01', '11:25:00', '17:40:00', 13),
	(6342, '2024-06-02', '08:11:00', '17:11:00', 13),
	(6343, '2024-06-03', '10:20:00', '16:43:00', 13),
	(6344, '2024-06-04', '11:29:00', '16:47:00', 13),
	(6345, '2024-06-05', '09:22:00', '16:44:00', 13),
	(6346, '2024-06-06', '11:30:00', '17:41:00', 13),
	(6347, '2024-06-07', '10:23:00', '17:22:00', 13),
	(6348, '2024-06-08', '08:50:00', '16:33:00', 13),
	(6349, '2024-06-09', '08:48:00', '17:32:00', 13),
	(6350, '2024-06-10', '10:22:00', '17:26:00', 13),
	(6351, '2024-06-11', '08:59:00', '16:12:00', 13),
	(6352, '2024-06-12', '11:09:00', '17:56:00', 13),
	(6353, '2024-06-13', '09:56:00', '17:54:00', 13),
	(6354, '2024-06-14', '08:19:00', '17:40:00', 13),
	(6355, '2024-06-15', '08:31:00', '16:24:00', 13),
	(6356, '2024-06-16', '10:10:00', '17:24:00', 13),
	(6357, '2024-06-17', '11:57:00', '16:33:00', 13),
	(6358, '2024-06-18', '08:19:00', '16:57:00', 13),
	(6359, '2024-06-19', '10:46:00', '16:24:00', 13),
	(6360, '2024-06-20', '08:27:00', '17:46:00', 13),
	(6361, '2024-06-21', '08:34:00', '16:44:00', 13),
	(6362, '2024-06-22', '08:24:00', '16:24:00', 13),
	(6363, '2024-06-23', '08:18:00', '17:54:00', 13),
	(6364, '2024-06-24', '10:27:00', '16:01:00', 13),
	(6365, '2024-06-25', '11:30:00', '16:24:00', 13),
	(6366, '2024-06-26', '11:37:00', '16:03:00', 13),
	(6367, '2024-06-27', '08:30:00', '17:50:00', 13),
	(6368, '2024-06-28', '11:44:00', '16:40:00', 13),
	(6369, '2024-06-29', '08:18:00', '17:56:00', 13),
	(6370, '2024-06-30', '11:24:00', '17:29:00', 13),
	(6371, '2024-04-01', '09:03:00', '16:41:00', 14),
	(6372, '2024-04-02', '11:36:00', '17:21:00', 14),
	(6373, '2024-04-03', '09:25:00', '16:23:00', 14),
	(6374, '2024-04-04', '08:04:00', '16:05:00', 14),
	(6375, '2024-04-05', '10:09:00', '16:22:00', 14),
	(6376, '2024-04-06', '09:39:00', '17:27:00', 14),
	(6377, '2024-04-07', '09:38:00', '16:40:00', 14),
	(6378, '2024-04-08', '10:44:00', '16:12:00', 14),
	(6379, '2024-04-09', '09:25:00', '16:07:00', 14),
	(6380, '2024-04-10', '11:14:00', '16:44:00', 14),
	(6381, '2024-04-11', '10:23:00', '16:28:00', 14),
	(6382, '2024-04-12', '10:25:00', '17:58:00', 14),
	(6383, '2024-04-13', '11:44:00', '17:20:00', 14),
	(6384, '2024-04-14', '11:52:00', '17:35:00', 14),
	(6385, '2024-04-15', '09:15:00', '16:47:00', 14),
	(6386, '2024-04-16', '10:39:00', '16:25:00', 14),
	(6387, '2024-04-17', '09:10:00', '16:10:00', 14),
	(6388, '2024-04-18', '10:04:00', '16:45:00', 14),
	(6389, '2024-04-19', '10:56:00', '16:02:00', 14),
	(6390, '2024-04-20', '10:24:00', '17:12:00', 14),
	(6391, '2024-04-21', '11:30:00', '17:36:00', 14),
	(6392, '2024-04-22', '11:16:00', '17:19:00', 14),
	(6393, '2024-04-23', '09:37:00', '16:49:00', 14),
	(6394, '2024-04-24', '08:05:00', '17:56:00', 14),
	(6395, '2024-04-25', '09:08:00', '17:21:00', 14),
	(6396, '2024-04-26', '08:46:00', '16:10:00', 14),
	(6397, '2024-04-27', '08:20:00', '17:29:00', 14),
	(6398, '2024-04-28', '08:07:00', '17:53:00', 14),
	(6399, '2024-04-29', '08:57:00', '16:07:00', 14),
	(6400, '2024-04-30', '11:58:00', '16:20:00', 14),
	(6401, '2024-05-01', '10:48:00', '16:34:00', 14),
	(6402, '2024-05-02', '09:27:00', '16:24:00', 14),
	(6403, '2024-05-03', '10:56:00', '16:12:00', 14),
	(6404, '2024-05-04', '11:13:00', '16:28:00', 14),
	(6405, '2024-05-05', '10:59:00', '16:53:00', 14),
	(6406, '2024-05-06', '08:56:00', '16:17:00', 14),
	(6407, '2024-05-07', '09:24:00', '16:48:00', 14),
	(6408, '2024-05-08', '08:27:00', '16:09:00', 14),
	(6409, '2024-05-09', '08:19:00', '17:42:00', 14),
	(6410, '2024-05-10', '09:45:00', '16:18:00', 14),
	(6411, '2024-05-11', '11:47:00', '17:51:00', 14),
	(6412, '2024-05-12', '10:49:00', '17:38:00', 14),
	(6413, '2024-05-13', '11:00:00', '16:07:00', 14),
	(6414, '2024-05-14', '10:47:00', '17:09:00', 14),
	(6415, '2024-05-15', '09:47:00', '16:58:00', 14),
	(6416, '2024-05-16', '10:42:00', '17:44:00', 14),
	(6417, '2024-05-17', '11:04:00', '17:50:00', 14),
	(6418, '2024-05-18', '10:21:00', '16:18:00', 14),
	(6419, '2024-05-19', '11:11:00', '16:23:00', 14),
	(6420, '2024-05-20', '10:20:00', '16:14:00', 14),
	(6421, '2024-05-21', '08:17:00', '17:05:00', 14),
	(6422, '2024-05-22', '08:23:00', '16:37:00', 14),
	(6423, '2024-05-23', '08:45:00', '17:03:00', 14),
	(6424, '2024-05-24', '08:19:00', '17:11:00', 14),
	(6425, '2024-05-25', '08:34:00', '17:16:00', 14),
	(6426, '2024-05-26', '09:50:00', '16:55:00', 14),
	(6427, '2024-05-27', '09:09:00', '16:10:00', 14),
	(6428, '2024-05-28', '11:44:00', '17:49:00', 14),
	(6429, '2024-05-29', '09:29:00', '17:53:00', 14),
	(6430, '2024-05-30', '09:48:00', '16:53:00', 14),
	(6431, '2024-05-31', '11:27:00', '17:06:00', 14),
	(6432, '2024-06-01', '08:19:00', '16:30:00', 14),
	(6433, '2024-06-02', '09:48:00', '17:26:00', 14),
	(6434, '2024-06-03', '11:53:00', '16:10:00', 14),
	(6435, '2024-06-04', '09:56:00', '17:26:00', 14),
	(6436, '2024-06-05', '10:17:00', '16:22:00', 14),
	(6437, '2024-06-06', '09:15:00', '17:02:00', 14),
	(6438, '2024-06-07', '10:23:00', '17:56:00', 14),
	(6439, '2024-06-08', '08:10:00', '16:36:00', 14),
	(6440, '2024-06-09', '10:17:00', '17:46:00', 14),
	(6441, '2024-06-10', '09:04:00', '17:11:00', 14),
	(6442, '2024-06-11', '11:08:00', '17:46:00', 14),
	(6443, '2024-06-12', '11:14:00', '16:50:00', 14),
	(6444, '2024-06-13', '10:50:00', '16:50:00', 14),
	(6445, '2024-06-14', '08:01:00', '16:00:00', 14),
	(6446, '2024-06-15', '10:11:00', '16:59:00', 14),
	(6447, '2024-06-16', '09:12:00', '17:03:00', 14),
	(6448, '2024-06-17', '10:06:00', '17:19:00', 14),
	(6449, '2024-06-18', '09:44:00', '16:15:00', 14),
	(6450, '2024-06-19', '08:22:00', '16:12:00', 14),
	(6451, '2024-06-20', '09:22:00', '16:06:00', 14),
	(6452, '2024-06-21', '11:47:00', '16:41:00', 14),
	(6453, '2024-06-22', '11:21:00', '17:03:00', 14),
	(6454, '2024-06-23', '08:09:00', '16:37:00', 14),
	(6455, '2024-06-24', '10:18:00', '17:25:00', 14),
	(6456, '2024-06-25', '08:21:00', '16:29:00', 14),
	(6457, '2024-06-26', '09:57:00', '16:31:00', 14),
	(6458, '2024-06-27', '09:48:00', '17:28:00', 14),
	(6459, '2024-06-28', '09:55:00', '16:34:00', 14),
	(6460, '2024-06-29', '11:29:00', '16:42:00', 14),
	(6461, '2024-06-30', '11:08:00', '17:24:00', 14),
	(6462, '2024-04-01', '09:48:00', '16:07:00', 15),
	(6463, '2024-04-02', '09:56:00', '17:21:00', 15),
	(6464, '2024-04-03', '10:38:00', '17:31:00', 15),
	(6465, '2024-04-04', '11:27:00', '16:01:00', 15),
	(6466, '2024-04-05', '11:37:00', '16:58:00', 15),
	(6467, '2024-04-06', '10:51:00', '17:03:00', 15),
	(6468, '2024-04-07', '08:03:00', '17:54:00', 15),
	(6469, '2024-04-08', '09:26:00', '17:05:00', 15),
	(6470, '2024-04-09', '08:20:00', '16:33:00', 15),
	(6471, '2024-04-10', '10:34:00', '17:39:00', 15),
	(6472, '2024-04-11', '08:10:00', '17:18:00', 15),
	(6473, '2024-04-12', '11:59:00', '17:27:00', 15),
	(6474, '2024-04-13', '08:10:00', '16:25:00', 15),
	(6475, '2024-04-14', '10:24:00', '17:51:00', 15),
	(6476, '2024-04-15', '08:34:00', '17:57:00', 15),
	(6477, '2024-04-16', '10:19:00', '17:04:00', 15),
	(6478, '2024-04-17', '10:34:00', '16:51:00', 15),
	(6479, '2024-04-18', '10:32:00', '16:27:00', 15),
	(6480, '2024-04-19', '10:00:00', '17:09:00', 15),
	(6481, '2024-04-20', '11:10:00', '17:39:00', 15),
	(6482, '2024-04-21', '09:50:00', '17:50:00', 15),
	(6483, '2024-04-22', '09:48:00', '16:00:00', 15),
	(6484, '2024-04-23', '09:25:00', '17:14:00', 15),
	(6485, '2024-04-24', '10:31:00', '16:56:00', 15),
	(6486, '2024-04-25', '11:21:00', '16:04:00', 15),
	(6487, '2024-04-26', '10:58:00', '16:53:00', 15),
	(6488, '2024-04-27', '10:25:00', '17:45:00', 15),
	(6489, '2024-04-28', '08:15:00', '16:23:00', 15),
	(6490, '2024-04-29', '10:57:00', '17:44:00', 15),
	(6491, '2024-04-30', '11:37:00', '17:52:00', 15),
	(6492, '2024-05-01', '09:08:00', '16:46:00', 15),
	(6493, '2024-05-02', '11:38:00', '17:33:00', 15),
	(6494, '2024-05-03', '09:05:00', '17:53:00', 15),
	(6495, '2024-05-04', '09:07:00', '16:09:00', 15),
	(6496, '2024-05-05', '10:52:00', '17:26:00', 15),
	(6497, '2024-05-06', '09:21:00', '17:18:00', 15),
	(6498, '2024-05-07', '08:52:00', '16:32:00', 15),
	(6499, '2024-05-08', '11:48:00', '17:17:00', 15),
	(6500, '2024-05-09', '10:00:00', '16:37:00', 15),
	(6501, '2024-05-10', '11:36:00', '16:15:00', 15),
	(6502, '2024-05-11', '11:47:00', '16:01:00', 15),
	(6503, '2024-05-12', '09:41:00', '16:32:00', 15),
	(6504, '2024-05-13', '10:18:00', '16:04:00', 15),
	(6505, '2024-05-14', '08:28:00', '17:32:00', 15),
	(6506, '2024-05-15', '10:38:00', '16:42:00', 15),
	(6507, '2024-05-16', '08:21:00', '17:27:00', 15),
	(6508, '2024-05-17', '08:52:00', '17:30:00', 15),
	(6509, '2024-05-18', '11:36:00', '16:50:00', 15),
	(6510, '2024-05-19', '11:23:00', '16:25:00', 15),
	(6511, '2024-05-20', '10:47:00', '17:24:00', 15),
	(6512, '2024-05-21', '11:25:00', '17:22:00', 15),
	(6513, '2024-05-22', '09:31:00', '16:14:00', 15),
	(6514, '2024-05-23', '10:56:00', '16:33:00', 15),
	(6515, '2024-05-24', '11:52:00', '17:20:00', 15),
	(6516, '2024-05-25', '09:37:00', '16:26:00', 15),
	(6517, '2024-05-26', '08:20:00', '17:50:00', 15),
	(6518, '2024-05-27', '08:52:00', '17:33:00', 15),
	(6519, '2024-05-28', '08:56:00', '16:11:00', 15),
	(6520, '2024-05-29', '08:08:00', '17:53:00', 15),
	(6521, '2024-05-30', '11:56:00', '17:18:00', 15),
	(6522, '2024-05-31', '10:17:00', '17:38:00', 15),
	(6523, '2024-06-01', '11:45:00', '16:13:00', 15),
	(6524, '2024-06-02', '09:01:00', '17:25:00', 15),
	(6525, '2024-06-03', '10:02:00', '16:12:00', 15),
	(6526, '2024-06-04', '10:38:00', '16:20:00', 15),
	(6527, '2024-06-05', '11:17:00', '16:20:00', 15),
	(6528, '2024-06-06', '08:20:00', '16:40:00', 15),
	(6529, '2024-06-07', '10:25:00', '16:34:00', 15),
	(6530, '2024-06-08', '09:53:00', '16:33:00', 15),
	(6531, '2024-06-09', '11:20:00', '16:51:00', 15),
	(6532, '2024-06-10', '09:11:00', '17:02:00', 15),
	(6533, '2024-06-11', '11:40:00', '17:15:00', 15),
	(6534, '2024-06-12', '11:10:00', '17:19:00', 15),
	(6535, '2024-06-13', '10:26:00', '16:07:00', 15),
	(6536, '2024-06-14', '08:43:00', '17:16:00', 15),
	(6537, '2024-06-15', '10:36:00', '17:21:00', 15),
	(6538, '2024-06-16', '11:05:00', '17:41:00', 15),
	(6539, '2024-06-17', '08:28:00', '17:01:00', 15),
	(6540, '2024-06-18', '10:09:00', '17:30:00', 15),
	(6541, '2024-06-19', '08:16:00', '16:15:00', 15),
	(6542, '2024-06-20', '08:11:00', '17:14:00', 15),
	(6543, '2024-06-21', '09:36:00', '16:01:00', 15),
	(6544, '2024-06-22', '09:41:00', '17:49:00', 15),
	(6545, '2024-06-23', '09:03:00', '17:11:00', 15),
	(6546, '2024-06-24', '10:36:00', '16:31:00', 15),
	(6547, '2024-06-25', '10:39:00', '16:23:00', 15),
	(6548, '2024-06-26', '10:15:00', '16:04:00', 15),
	(6549, '2024-06-27', '11:19:00', '16:04:00', 15),
	(6550, '2024-06-28', '08:45:00', '17:24:00', 15),
	(6551, '2024-06-29', '10:13:00', '16:32:00', 15),
	(6552, '2024-06-30', '08:05:00', '16:54:00', 15),
	(6553, '2024-04-01', '10:39:00', '17:16:00', 16),
	(6554, '2024-04-02', '11:19:00', '16:19:00', 16),
	(6555, '2024-04-03', '10:15:00', '16:37:00', 16),
	(6556, '2024-04-04', '09:09:00', '16:14:00', 16),
	(6557, '2024-04-05', '11:33:00', '16:10:00', 16),
	(6558, '2024-04-06', '08:21:00', '17:54:00', 16),
	(6559, '2024-04-07', '09:17:00', '16:58:00', 16),
	(6560, '2024-04-08', '10:59:00', '16:20:00', 16),
	(6561, '2024-04-09', '09:00:00', '16:12:00', 16),
	(6562, '2024-04-10', '08:37:00', '16:57:00', 16),
	(6563, '2024-04-11', '10:14:00', '16:59:00', 16),
	(6564, '2024-04-12', '08:33:00', '17:13:00', 16),
	(6565, '2024-04-13', '11:34:00', '17:37:00', 16),
	(6566, '2024-04-14', '08:10:00', '17:08:00', 16),
	(6567, '2024-04-15', '11:14:00', '16:58:00', 16),
	(6568, '2024-04-16', '11:52:00', '16:27:00', 16),
	(6569, '2024-04-17', '08:30:00', '17:00:00', 16),
	(6570, '2024-04-18', '11:14:00', '17:44:00', 16),
	(6571, '2024-04-19', '09:10:00', '16:41:00', 16),
	(6572, '2024-04-20', '08:36:00', '17:08:00', 16),
	(6573, '2024-04-21', '10:14:00', '17:18:00', 16),
	(6574, '2024-04-22', '09:57:00', '17:41:00', 16),
	(6575, '2024-04-23', '08:39:00', '17:04:00', 16),
	(6576, '2024-04-24', '08:59:00', '16:35:00', 16),
	(6577, '2024-04-25', '08:01:00', '16:30:00', 16),
	(6578, '2024-04-26', '11:15:00', '16:48:00', 16),
	(6579, '2024-04-27', '11:56:00', '16:04:00', 16),
	(6580, '2024-04-28', '09:32:00', '17:05:00', 16),
	(6581, '2024-04-29', '10:25:00', '17:36:00', 16),
	(6582, '2024-04-30', '08:05:00', '16:54:00', 16),
	(6583, '2024-05-01', '11:36:00', '17:04:00', 16),
	(6584, '2024-05-02', '09:41:00', '16:23:00', 16),
	(6585, '2024-05-03', '10:16:00', '17:24:00', 16),
	(6586, '2024-05-04', '11:04:00', '16:11:00', 16),
	(6587, '2024-05-05', '09:32:00', '16:34:00', 16),
	(6588, '2024-05-06', '08:52:00', '17:45:00', 16),
	(6589, '2024-05-07', '11:54:00', '16:58:00', 16),
	(6590, '2024-05-08', '08:10:00', '16:47:00', 16),
	(6591, '2024-05-09', '09:44:00', '16:10:00', 16),
	(6592, '2024-05-10', '11:33:00', '17:39:00', 16),
	(6593, '2024-05-11', '08:33:00', '16:21:00', 16),
	(6594, '2024-05-12', '10:23:00', '16:39:00', 16),
	(6595, '2024-05-13', '11:42:00', '16:29:00', 16),
	(6596, '2024-05-14', '11:01:00', '17:36:00', 16),
	(6597, '2024-05-15', '08:27:00', '17:22:00', 16),
	(6598, '2024-05-16', '10:01:00', '17:07:00', 16),
	(6599, '2024-05-17', '11:09:00', '16:50:00', 16),
	(6600, '2024-05-18', '08:27:00', '17:57:00', 16),
	(6601, '2024-05-19', '08:39:00', '17:45:00', 16),
	(6602, '2024-05-20', '10:58:00', '16:28:00', 16),
	(6603, '2024-05-21', '09:58:00', '17:56:00', 16),
	(6604, '2024-05-22', '09:14:00', '16:17:00', 16),
	(6605, '2024-05-23', '09:06:00', '17:44:00', 16),
	(6606, '2024-05-24', '09:41:00', '17:03:00', 16),
	(6607, '2024-05-25', '11:25:00', '16:01:00', 16),
	(6608, '2024-05-26', '10:56:00', '17:47:00', 16),
	(6609, '2024-05-27', '11:57:00', '17:12:00', 16),
	(6610, '2024-05-28', '08:05:00', '17:03:00', 16),
	(6611, '2024-05-29', '10:00:00', '16:19:00', 16),
	(6612, '2024-05-30', '08:39:00', '17:53:00', 16),
	(6613, '2024-05-31', '10:13:00', '17:10:00', 16),
	(6614, '2024-06-01', '09:47:00', '17:47:00', 16),
	(6615, '2024-06-02', '11:13:00', '17:26:00', 16),
	(6616, '2024-06-03', '08:15:00', '16:53:00', 16),
	(6617, '2024-06-04', '11:16:00', '17:31:00', 16),
	(6618, '2024-06-05', '10:27:00', '17:12:00', 16),
	(6619, '2024-06-06', '11:04:00', '16:35:00', 16),
	(6620, '2024-06-07', '10:13:00', '16:11:00', 16),
	(6621, '2024-06-08', '09:38:00', '17:09:00', 16),
	(6622, '2024-06-09', '11:42:00', '16:26:00', 16),
	(6623, '2024-06-10', '09:41:00', '17:13:00', 16),
	(6624, '2024-06-11', '08:32:00', '17:29:00', 16),
	(6625, '2024-06-12', '11:57:00', '16:00:00', 16),
	(6626, '2024-06-13', '09:20:00', '17:51:00', 16),
	(6627, '2024-06-14', '08:53:00', '16:42:00', 16),
	(6628, '2024-06-15', '09:55:00', '17:48:00', 16),
	(6629, '2024-06-16', '11:42:00', '16:34:00', 16),
	(6630, '2024-06-17', '10:23:00', '17:21:00', 16),
	(6631, '2024-06-18', '11:06:00', '17:50:00', 16),
	(6632, '2024-06-19', '09:48:00', '16:09:00', 16),
	(6633, '2024-06-20', '08:30:00', '16:29:00', 16),
	(6634, '2024-06-21', '10:37:00', '16:35:00', 16),
	(6635, '2024-06-22', '09:05:00', '16:34:00', 16),
	(6636, '2024-06-23', '08:14:00', '16:20:00', 16),
	(6637, '2024-06-24', '09:42:00', '17:12:00', 16),
	(6638, '2024-06-25', '11:53:00', '16:40:00', 16),
	(6639, '2024-06-26', '10:41:00', '17:33:00', 16),
	(6640, '2024-06-27', '08:07:00', '17:37:00', 16),
	(6641, '2024-06-28', '10:20:00', '16:57:00', 16),
	(6642, '2024-06-29', '09:53:00', '17:29:00', 16),
	(6643, '2024-06-30', '10:46:00', '16:06:00', 16),
	(6644, '2024-04-01', '09:41:00', '16:43:00', 17),
	(6645, '2024-04-02', '09:32:00', '16:27:00', 17),
	(6646, '2024-04-03', '09:20:00', '17:26:00', 17),
	(6647, '2024-04-04', '08:13:00', '16:06:00', 17),
	(6648, '2024-04-05', '08:35:00', '17:42:00', 17),
	(6649, '2024-04-06', '09:35:00', '17:32:00', 17),
	(6650, '2024-04-07', '11:56:00', '17:29:00', 17),
	(6651, '2024-04-08', '10:54:00', '17:54:00', 17),
	(6652, '2024-04-09', '10:17:00', '16:24:00', 17),
	(6653, '2024-04-10', '08:13:00', '16:35:00', 17),
	(6654, '2024-04-11', '08:49:00', '17:52:00', 17),
	(6655, '2024-04-12', '10:45:00', '16:10:00', 17),
	(6656, '2024-04-13', '08:27:00', '17:00:00', 17),
	(6657, '2024-04-14', '08:07:00', '17:22:00', 17),
	(6658, '2024-04-15', '11:31:00', '17:38:00', 17),
	(6659, '2024-04-16', '10:31:00', '17:06:00', 17),
	(6660, '2024-04-17', '08:48:00', '17:43:00', 17),
	(6661, '2024-04-18', '08:20:00', '17:12:00', 17),
	(6662, '2024-04-19', '08:11:00', '16:05:00', 17),
	(6663, '2024-04-20', '09:13:00', '17:51:00', 17),
	(6664, '2024-04-21', '08:00:00', '16:31:00', 17),
	(6665, '2024-04-22', '09:16:00', '16:11:00', 17),
	(6666, '2024-04-23', '10:49:00', '17:09:00', 17),
	(6667, '2024-04-24', '11:14:00', '16:34:00', 17),
	(6668, '2024-04-25', '10:57:00', '16:30:00', 17),
	(6669, '2024-04-26', '08:27:00', '17:07:00', 17),
	(6670, '2024-04-27', '08:02:00', '17:43:00', 17),
	(6671, '2024-04-28', '11:20:00', '17:35:00', 17),
	(6672, '2024-04-29', '09:28:00', '17:42:00', 17),
	(6673, '2024-04-30', '11:49:00', '17:36:00', 17),
	(6674, '2024-05-01', '08:11:00', '17:13:00', 17),
	(6675, '2024-05-02', '11:55:00', '16:54:00', 17),
	(6676, '2024-05-03', '08:21:00', '16:19:00', 17),
	(6677, '2024-05-04', '10:21:00', '17:22:00', 17),
	(6678, '2024-05-05', '11:51:00', '17:12:00', 17),
	(6679, '2024-05-06', '10:04:00', '16:57:00', 17),
	(6680, '2024-05-07', '08:35:00', '17:02:00', 17),
	(6681, '2024-05-08', '09:40:00', '16:48:00', 17),
	(6682, '2024-05-09', '09:28:00', '17:32:00', 17),
	(6683, '2024-05-10', '11:30:00', '17:11:00', 17),
	(6684, '2024-05-11', '10:07:00', '17:31:00', 17),
	(6685, '2024-05-12', '08:57:00', '17:59:00', 17),
	(6686, '2024-05-13', '10:49:00', '16:20:00', 17),
	(6687, '2024-05-14', '11:55:00', '17:25:00', 17),
	(6688, '2024-05-15', '10:19:00', '16:35:00', 17),
	(6689, '2024-05-16', '10:27:00', '16:22:00', 17),
	(6690, '2024-05-17', '10:53:00', '16:47:00', 17),
	(6691, '2024-05-18', '10:31:00', '16:48:00', 17),
	(6692, '2024-05-19', '11:36:00', '16:41:00', 17),
	(6693, '2024-05-20', '11:41:00', '17:25:00', 17),
	(6694, '2024-05-21', '10:37:00', '16:00:00', 17),
	(6695, '2024-05-22', '10:51:00', '16:36:00', 17),
	(6696, '2024-05-23', '10:55:00', '17:48:00', 17),
	(6697, '2024-05-24', '09:16:00', '17:48:00', 17),
	(6698, '2024-05-25', '09:17:00', '17:37:00', 17),
	(6699, '2024-05-26', '08:30:00', '16:20:00', 17),
	(6700, '2024-05-27', '09:38:00', '17:14:00', 17),
	(6701, '2024-05-28', '09:59:00', '17:52:00', 17),
	(6702, '2024-05-29', '09:50:00', '16:56:00', 17),
	(6703, '2024-05-30', '09:58:00', '17:52:00', 17),
	(6704, '2024-05-31', '09:28:00', '16:26:00', 17),
	(6705, '2024-06-01', '11:09:00', '17:17:00', 17),
	(6706, '2024-06-02', '10:48:00', '16:12:00', 17),
	(6707, '2024-06-03', '08:18:00', '17:09:00', 17),
	(6708, '2024-06-04', '11:40:00', '16:30:00', 17),
	(6709, '2024-06-05', '11:32:00', '17:52:00', 17),
	(6710, '2024-06-06', '11:25:00', '16:40:00', 17),
	(6711, '2024-06-07', '09:01:00', '16:43:00', 17),
	(6712, '2024-06-08', '09:36:00', '17:12:00', 17),
	(6713, '2024-06-09', '08:23:00', '17:22:00', 17),
	(6714, '2024-06-10', '10:55:00', '16:57:00', 17),
	(6715, '2024-06-11', '10:05:00', '17:31:00', 17),
	(6716, '2024-06-12', '08:43:00', '16:12:00', 17),
	(6717, '2024-06-13', '08:41:00', '16:53:00', 17),
	(6718, '2024-06-14', '09:01:00', '17:59:00', 17),
	(6719, '2024-06-15', '10:00:00', '17:04:00', 17),
	(6720, '2024-06-16', '08:59:00', '17:20:00', 17),
	(6721, '2024-06-17', '10:27:00', '17:45:00', 17),
	(6722, '2024-06-18', '08:33:00', '17:19:00', 17),
	(6723, '2024-06-19', '08:41:00', '16:32:00', 17),
	(6724, '2024-06-20', '08:22:00', '16:05:00', 17),
	(6725, '2024-06-21', '11:56:00', '16:32:00', 17),
	(6726, '2024-06-22', '11:34:00', '17:34:00', 17),
	(6727, '2024-06-23', '09:07:00', '17:26:00', 17),
	(6728, '2024-06-24', '11:08:00', '17:07:00', 17),
	(6729, '2024-06-25', '11:47:00', '17:24:00', 17),
	(6730, '2024-06-26', '09:23:00', '17:12:00', 17),
	(6731, '2024-06-27', '08:32:00', '17:45:00', 17),
	(6732, '2024-06-28', '10:54:00', '16:45:00', 17),
	(6733, '2024-06-29', '10:46:00', '17:11:00', 17),
	(6734, '2024-06-30', '11:17:00', '16:16:00', 17),
	(6735, '2024-04-01', '10:18:00', '16:16:00', 18),
	(6736, '2024-04-02', '08:27:00', '16:20:00', 18),
	(6737, '2024-04-03', '11:04:00', '16:22:00', 18),
	(6738, '2024-04-04', '11:32:00', '16:13:00', 18),
	(6739, '2024-04-05', '09:36:00', '16:19:00', 18),
	(6740, '2024-04-06', '08:30:00', '17:15:00', 18),
	(6741, '2024-04-07', '11:43:00', '17:28:00', 18),
	(6742, '2024-04-08', '09:33:00', '17:06:00', 18),
	(6743, '2024-04-09', '08:37:00', '16:23:00', 18),
	(6744, '2024-04-10', '11:41:00', '16:05:00', 18),
	(6745, '2024-04-11', '09:09:00', '16:10:00', 18),
	(6746, '2024-04-12', '09:24:00', '17:01:00', 18),
	(6747, '2024-04-13', '10:02:00', '17:49:00', 18),
	(6748, '2024-04-14', '10:30:00', '16:36:00', 18),
	(6749, '2024-04-15', '11:11:00', '16:34:00', 18),
	(6750, '2024-04-16', '09:39:00', '17:56:00', 18),
	(6751, '2024-04-17', '08:59:00', '17:56:00', 18),
	(6752, '2024-04-18', '11:57:00', '17:23:00', 18),
	(6753, '2024-04-19', '11:40:00', '16:18:00', 18),
	(6754, '2024-04-20', '10:28:00', '17:50:00', 18),
	(6755, '2024-04-21', '10:14:00', '17:55:00', 18),
	(6756, '2024-04-22', '08:07:00', '16:24:00', 18),
	(6757, '2024-04-23', '08:25:00', '16:45:00', 18),
	(6758, '2024-04-24', '09:58:00', '16:41:00', 18),
	(6759, '2024-04-25', '09:42:00', '16:08:00', 18),
	(6760, '2024-04-26', '08:59:00', '17:45:00', 18),
	(6761, '2024-04-27', '10:44:00', '17:26:00', 18),
	(6762, '2024-04-28', '10:19:00', '16:33:00', 18),
	(6763, '2024-04-29', '09:36:00', '17:09:00', 18),
	(6764, '2024-04-30', '10:04:00', '16:38:00', 18),
	(6765, '2024-05-01', '10:07:00', '17:58:00', 18),
	(6766, '2024-05-02', '10:26:00', '17:26:00', 18),
	(6767, '2024-05-03', '11:04:00', '16:45:00', 18),
	(6768, '2024-05-04', '10:48:00', '17:12:00', 18),
	(6769, '2024-05-05', '09:01:00', '17:44:00', 18),
	(6770, '2024-05-06', '10:22:00', '17:37:00', 18),
	(6771, '2024-05-07', '11:56:00', '17:35:00', 18),
	(6772, '2024-05-08', '10:06:00', '17:23:00', 18),
	(6773, '2024-05-09', '08:59:00', '16:07:00', 18),
	(6774, '2024-05-10', '10:32:00', '17:47:00', 18),
	(6775, '2024-05-11', '09:19:00', '17:41:00', 18),
	(6776, '2024-05-12', '08:59:00', '16:32:00', 18),
	(6777, '2024-05-13', '09:50:00', '17:22:00', 18),
	(6778, '2024-05-14', '08:32:00', '16:47:00', 18),
	(6779, '2024-05-15', '10:02:00', '16:02:00', 18),
	(6780, '2024-05-16', '08:44:00', '17:15:00', 18),
	(6781, '2024-05-17', '08:47:00', '16:26:00', 18),
	(6782, '2024-05-18', '09:35:00', '16:48:00', 18),
	(6783, '2024-05-19', '08:21:00', '17:27:00', 18),
	(6784, '2024-05-20', '08:33:00', '16:01:00', 18),
	(6785, '2024-05-21', '08:00:00', '17:22:00', 18),
	(6786, '2024-05-22', '09:09:00', '17:43:00', 18),
	(6787, '2024-05-23', '09:54:00', '17:16:00', 18),
	(6788, '2024-05-24', '11:46:00', '17:45:00', 18),
	(6789, '2024-05-25', '09:53:00', '17:26:00', 18),
	(6790, '2024-05-26', '11:40:00', '17:48:00', 18),
	(6791, '2024-05-27', '08:35:00', '16:27:00', 18),
	(6792, '2024-05-28', '11:21:00', '17:14:00', 18),
	(6793, '2024-05-29', '08:40:00', '17:50:00', 18),
	(6794, '2024-05-30', '11:34:00', '17:28:00', 18),
	(6795, '2024-05-31', '11:52:00', '17:11:00', 18),
	(6796, '2024-06-01', '11:49:00', '17:50:00', 18),
	(6797, '2024-06-02', '11:10:00', '16:34:00', 18),
	(6798, '2024-06-03', '08:14:00', '16:19:00', 18),
	(6799, '2024-06-04', '08:57:00', '17:22:00', 18),
	(6800, '2024-06-05', '08:36:00', '16:44:00', 18),
	(6801, '2024-06-06', '08:08:00', '16:01:00', 18),
	(6802, '2024-06-07', '11:50:00', '16:51:00', 18),
	(6803, '2024-06-08', '10:55:00', '17:26:00', 18),
	(6804, '2024-06-09', '09:32:00', '16:29:00', 18),
	(6805, '2024-06-10', '08:55:00', '16:16:00', 18),
	(6806, '2024-06-11', '09:57:00', '17:59:00', 18),
	(6807, '2024-06-12', '10:47:00', '17:06:00', 18),
	(6808, '2024-06-13', '10:00:00', '17:26:00', 18),
	(6809, '2024-06-14', '09:13:00', '17:55:00', 18),
	(6810, '2024-06-15', '11:58:00', '17:36:00', 18),
	(6811, '2024-06-16', '10:29:00', '17:05:00', 18),
	(6812, '2024-06-17', '09:20:00', '17:52:00', 18),
	(6813, '2024-06-18', '10:30:00', '17:20:00', 18),
	(6814, '2024-06-19', '08:30:00', '16:30:00', 18),
	(6815, '2024-06-20', '08:09:00', '17:17:00', 18),
	(6816, '2024-06-21', '11:32:00', '17:21:00', 18),
	(6817, '2024-06-22', '11:35:00', '16:29:00', 18),
	(6818, '2024-06-23', '10:29:00', '16:42:00', 18),
	(6819, '2024-06-24', '11:56:00', '17:24:00', 18),
	(6820, '2024-06-25', '10:44:00', '17:05:00', 18),
	(6821, '2024-06-26', '11:00:00', '17:52:00', 18),
	(6822, '2024-06-27', '10:56:00', '17:32:00', 18),
	(6823, '2024-06-28', '09:35:00', '17:42:00', 18),
	(6824, '2024-06-29', '11:49:00', '17:41:00', 18),
	(6825, '2024-06-30', '09:18:00', '17:49:00', 18),
	(6826, '2024-04-01', '10:55:00', '16:34:00', 19),
	(6827, '2024-04-02', '09:05:00', '17:08:00', 19),
	(6828, '2024-04-03', '10:28:00', '17:08:00', 19),
	(6829, '2024-04-04', '10:53:00', '16:18:00', 19),
	(6830, '2024-04-05', '08:12:00', '16:43:00', 19),
	(6831, '2024-04-06', '10:25:00', '17:49:00', 19),
	(6832, '2024-04-07', '11:54:00', '17:25:00', 19),
	(6833, '2024-04-08', '10:42:00', '16:41:00', 19),
	(6834, '2024-04-09', '10:29:00', '16:52:00', 19),
	(6835, '2024-04-10', '09:17:00', '16:47:00', 19),
	(6836, '2024-04-11', '10:33:00', '16:26:00', 19),
	(6837, '2024-04-12', '10:12:00', '16:48:00', 19),
	(6838, '2024-04-13', '08:29:00', '17:49:00', 19),
	(6839, '2024-04-14', '09:11:00', '16:10:00', 19),
	(6840, '2024-04-15', '10:48:00', '16:22:00', 19),
	(6841, '2024-04-16', '09:15:00', '17:39:00', 19),
	(6842, '2024-04-17', '08:14:00', '17:11:00', 19),
	(6843, '2024-04-18', '11:14:00', '17:59:00', 19),
	(6844, '2024-04-19', '11:46:00', '16:03:00', 19),
	(6845, '2024-04-20', '09:15:00', '17:00:00', 19),
	(6846, '2024-04-21', '08:04:00', '16:34:00', 19),
	(6847, '2024-04-22', '10:52:00', '16:13:00', 19),
	(6848, '2024-04-23', '09:49:00', '17:16:00', 19),
	(6849, '2024-04-24', '08:12:00', '17:37:00', 19),
	(6850, '2024-04-25', '11:43:00', '17:48:00', 19),
	(6851, '2024-04-26', '09:49:00', '17:55:00', 19),
	(6852, '2024-04-27', '10:36:00', '17:19:00', 19),
	(6853, '2024-04-28', '10:21:00', '16:17:00', 19),
	(6854, '2024-04-29', '08:51:00', '17:56:00', 19),
	(6855, '2024-04-30', '10:54:00', '16:22:00', 19),
	(6856, '2024-05-01', '09:52:00', '16:50:00', 19),
	(6857, '2024-05-02', '09:23:00', '16:38:00', 19),
	(6858, '2024-05-03', '09:23:00', '17:11:00', 19),
	(6859, '2024-05-04', '11:45:00', '17:15:00', 19),
	(6860, '2024-05-05', '08:22:00', '17:33:00', 19),
	(6861, '2024-05-06', '08:21:00', '16:47:00', 19),
	(6862, '2024-05-07', '11:41:00', '16:01:00', 19),
	(6863, '2024-05-08', '11:07:00', '17:02:00', 19),
	(6864, '2024-05-09', '10:34:00', '17:25:00', 19),
	(6865, '2024-05-10', '09:26:00', '16:55:00', 19),
	(6866, '2024-05-11', '10:47:00', '16:35:00', 19),
	(6867, '2024-05-12', '09:52:00', '16:59:00', 19),
	(6868, '2024-05-13', '10:28:00', '17:38:00', 19),
	(6869, '2024-05-14', '09:25:00', '16:43:00', 19),
	(6870, '2024-05-15', '09:39:00', '17:09:00', 19),
	(6871, '2024-05-16', '08:36:00', '16:16:00', 19),
	(6872, '2024-05-17', '10:22:00', '16:17:00', 19),
	(6873, '2024-05-18', '09:43:00', '16:26:00', 19),
	(6874, '2024-05-19', '11:37:00', '17:33:00', 19),
	(6875, '2024-05-20', '09:53:00', '16:27:00', 19),
	(6876, '2024-05-21', '09:15:00', '16:05:00', 19),
	(6877, '2024-05-22', '08:19:00', '16:07:00', 19),
	(6878, '2024-05-23', '11:15:00', '16:14:00', 19),
	(6879, '2024-05-24', '09:13:00', '17:20:00', 19),
	(6880, '2024-05-25', '10:09:00', '17:05:00', 19),
	(6881, '2024-05-26', '10:16:00', '17:45:00', 19),
	(6882, '2024-05-27', '09:52:00', '16:41:00', 19),
	(6883, '2024-05-28', '10:36:00', '16:08:00', 19),
	(6884, '2024-05-29', '10:38:00', '16:11:00', 19),
	(6885, '2024-05-30', '11:00:00', '17:57:00', 19),
	(6886, '2024-05-31', '09:49:00', '16:50:00', 19),
	(6887, '2024-06-01', '08:46:00', '16:14:00', 19),
	(6888, '2024-06-02', '11:14:00', '16:10:00', 19),
	(6889, '2024-06-03', '10:54:00', '17:42:00', 19),
	(6890, '2024-06-04', '11:41:00', '16:10:00', 19),
	(6891, '2024-06-05', '08:24:00', '16:32:00', 19),
	(6892, '2024-06-06', '08:10:00', '17:16:00', 19),
	(6893, '2024-06-07', '11:12:00', '17:40:00', 19),
	(6894, '2024-06-08', '09:44:00', '16:53:00', 19),
	(6895, '2024-06-09', '09:19:00', '17:58:00', 19),
	(6896, '2024-06-10', '08:01:00', '16:04:00', 19),
	(6897, '2024-06-11', '08:53:00', '16:23:00', 19),
	(6898, '2024-06-12', '10:51:00', '16:09:00', 19),
	(6899, '2024-06-13', '08:23:00', '17:53:00', 19),
	(6900, '2024-06-14', '09:14:00', '17:36:00', 19),
	(6901, '2024-06-15', '10:11:00', '16:44:00', 19),
	(6902, '2024-06-16', '08:36:00', '17:56:00', 19),
	(6903, '2024-06-17', '10:04:00', '17:04:00', 19),
	(6904, '2024-06-18', '11:15:00', '17:34:00', 19),
	(6905, '2024-06-19', '09:33:00', '16:03:00', 19),
	(6906, '2024-06-20', '09:11:00', '16:10:00', 19),
	(6907, '2024-06-21', '11:11:00', '16:02:00', 19),
	(6908, '2024-06-22', '10:47:00', '17:58:00', 19),
	(6909, '2024-06-23', '11:41:00', '17:49:00', 19),
	(6910, '2024-06-24', '11:54:00', '16:59:00', 19),
	(6911, '2024-06-25', '10:21:00', '17:45:00', 19),
	(6912, '2024-06-26', '11:39:00', '17:13:00', 19),
	(6913, '2024-06-27', '09:58:00', '16:14:00', 19),
	(6914, '2024-06-28', '10:31:00', '16:48:00', 19),
	(6915, '2024-06-29', '08:57:00', '17:39:00', 19),
	(6916, '2024-06-30', '09:35:00', '17:54:00', 19),
	(6917, '2024-04-01', '08:38:00', '16:07:00', 20),
	(6918, '2024-04-02', '08:57:00', '16:54:00', 20),
	(6919, '2024-04-03', '09:58:00', '17:51:00', 20),
	(6920, '2024-04-04', '08:30:00', '17:13:00', 20),
	(6921, '2024-04-05', '08:08:00', '17:41:00', 20),
	(6922, '2024-04-06', '09:18:00', '17:28:00', 20),
	(6923, '2024-04-07', '11:29:00', '16:44:00', 20),
	(6924, '2024-04-08', '11:13:00', '16:18:00', 20),
	(6925, '2024-04-09', '10:38:00', '16:02:00', 20),
	(6926, '2024-04-10', '10:09:00', '16:52:00', 20),
	(6927, '2024-04-11', '09:10:00', '16:04:00', 20),
	(6928, '2024-04-12', '08:39:00', '17:17:00', 20),
	(6929, '2024-04-13', '08:34:00', '17:30:00', 20),
	(6930, '2024-04-14', '09:25:00', '16:53:00', 20),
	(6931, '2024-04-15', '11:15:00', '16:30:00', 20),
	(6932, '2024-04-16', '08:22:00', '17:44:00', 20),
	(6933, '2024-04-17', '10:24:00', '16:43:00', 20),
	(6934, '2024-04-18', '11:59:00', '16:34:00', 20),
	(6935, '2024-04-19', '09:15:00', '17:59:00', 20),
	(6936, '2024-04-20', '10:02:00', '16:58:00', 20),
	(6937, '2024-04-21', '10:46:00', '17:51:00', 20),
	(6938, '2024-04-22', '10:51:00', '16:44:00', 20),
	(6939, '2024-04-23', '08:23:00', '17:43:00', 20),
	(6940, '2024-04-24', '11:37:00', '16:13:00', 20),
	(6941, '2024-04-25', '11:58:00', '16:53:00', 20),
	(6942, '2024-04-26', '11:03:00', '16:31:00', 20),
	(6943, '2024-04-27', '11:59:00', '16:00:00', 20),
	(6944, '2024-04-28', '10:32:00', '16:31:00', 20),
	(6945, '2024-04-29', '10:47:00', '16:55:00', 20),
	(6946, '2024-04-30', '08:01:00', '16:05:00', 20),
	(6947, '2024-05-01', '11:41:00', '16:17:00', 20),
	(6948, '2024-05-02', '08:39:00', '16:48:00', 20),
	(6949, '2024-05-03', '09:02:00', '16:27:00', 20),
	(6950, '2024-05-04', '11:43:00', '16:49:00', 20),
	(6951, '2024-05-05', '08:24:00', '16:48:00', 20),
	(6952, '2024-05-06', '08:52:00', '16:18:00', 20),
	(6953, '2024-05-07', '11:24:00', '16:06:00', 20),
	(6954, '2024-05-08', '09:22:00', '17:32:00', 20),
	(6955, '2024-05-09', '09:37:00', '17:47:00', 20),
	(6956, '2024-05-10', '08:34:00', '17:50:00', 20),
	(6957, '2024-05-11', '10:06:00', '16:36:00', 20),
	(6958, '2024-05-12', '11:10:00', '17:41:00', 20),
	(6959, '2024-05-13', '09:56:00', '16:17:00', 20),
	(6960, '2024-05-14', '10:39:00', '16:32:00', 20),
	(6961, '2024-05-15', '11:38:00', '16:36:00', 20),
	(6962, '2024-05-16', '10:26:00', '16:28:00', 20),
	(6963, '2024-05-17', '10:11:00', '17:57:00', 20),
	(6964, '2024-05-18', '11:05:00', '17:03:00', 20),
	(6965, '2024-05-19', '10:44:00', '16:45:00', 20),
	(6966, '2024-05-20', '08:29:00', '16:38:00', 20),
	(6967, '2024-05-21', '09:20:00', '17:25:00', 20),
	(6968, '2024-05-22', '09:56:00', '16:52:00', 20),
	(6969, '2024-05-23', '10:54:00', '17:17:00', 20),
	(6970, '2024-05-24', '09:18:00', '17:06:00', 20),
	(6971, '2024-05-25', '10:34:00', '16:47:00', 20),
	(6972, '2024-05-26', '09:29:00', '16:02:00', 20),
	(6973, '2024-05-27', '10:25:00', '17:19:00', 20),
	(6974, '2024-05-28', '09:34:00', '17:34:00', 20),
	(6975, '2024-05-29', '11:32:00', '16:19:00', 20),
	(6976, '2024-05-30', '08:47:00', '17:48:00', 20),
	(6977, '2024-05-31', '11:54:00', '17:29:00', 20),
	(6978, '2024-06-01', '11:05:00', '16:01:00', 20),
	(6979, '2024-06-02', '10:52:00', '17:41:00', 20),
	(6980, '2024-06-03', '10:53:00', '17:56:00', 20),
	(6981, '2024-06-04', '11:17:00', '16:31:00', 20),
	(6982, '2024-06-05', '08:25:00', '17:14:00', 20),
	(6983, '2024-06-06', '11:16:00', '16:02:00', 20),
	(6984, '2024-06-07', '09:33:00', '17:05:00', 20),
	(6985, '2024-06-08', '08:59:00', '17:37:00', 20),
	(6986, '2024-06-09', '10:07:00', '17:14:00', 20),
	(6987, '2024-06-10', '09:07:00', '17:04:00', 20),
	(6988, '2024-06-11', '10:30:00', '17:21:00', 20),
	(6989, '2024-06-12', '09:28:00', '16:35:00', 20),
	(6990, '2024-06-13', '11:12:00', '17:05:00', 20),
	(6991, '2024-06-14', '11:24:00', '17:57:00', 20),
	(6992, '2024-06-15', '11:45:00', '16:31:00', 20),
	(6993, '2024-06-16', '08:37:00', '16:04:00', 20),
	(6994, '2024-06-17', '09:13:00', '17:21:00', 20),
	(6995, '2024-06-18', '09:09:00', '17:23:00', 20),
	(6996, '2024-06-19', '11:51:00', '16:16:00', 20),
	(6997, '2024-06-20', '08:50:00', '16:37:00', 20),
	(6998, '2024-06-21', '09:05:00', '17:08:00', 20),
	(6999, '2024-06-22', '11:52:00', '16:33:00', 20),
	(7000, '2024-06-23', '09:44:00', '17:53:00', 20),
	(7001, '2024-06-24', '09:04:00', '16:46:00', 20),
	(7002, '2024-06-25', '11:35:00', '16:30:00', 20),
	(7003, '2024-06-26', '10:00:00', '17:33:00', 20),
	(7004, '2024-06-27', '11:20:00', '16:26:00', 20),
	(7005, '2024-06-28', '09:43:00', '17:16:00', 20),
	(7006, '2024-06-29', '08:24:00', '17:43:00', 20),
	(7007, '2024-06-30', '10:39:00', '16:35:00', 20),
	(7008, '2024-04-01', '10:41:00', '16:07:00', 21),
	(7009, '2024-04-02', '09:55:00', '16:59:00', 21),
	(7010, '2024-04-03', '10:16:00', '17:32:00', 21),
	(7011, '2024-04-04', '08:21:00', '17:28:00', 21),
	(7012, '2024-04-05', '10:46:00', '17:35:00', 21),
	(7013, '2024-04-06', '08:59:00', '16:48:00', 21),
	(7014, '2024-04-07', '11:08:00', '16:34:00', 21),
	(7015, '2024-04-08', '08:47:00', '16:08:00', 21),
	(7016, '2024-04-09', '08:17:00', '16:47:00', 21),
	(7017, '2024-04-10', '11:36:00', '16:15:00', 21),
	(7018, '2024-04-11', '11:04:00', '17:44:00', 21),
	(7019, '2024-04-12', '10:28:00', '16:24:00', 21),
	(7020, '2024-04-13', '10:04:00', '16:50:00', 21),
	(7021, '2024-04-14', '11:10:00', '17:21:00', 21),
	(7022, '2024-04-15', '10:49:00', '16:20:00', 21),
	(7023, '2024-04-16', '10:02:00', '17:18:00', 21),
	(7024, '2024-04-17', '11:26:00', '17:23:00', 21),
	(7025, '2024-04-18', '10:10:00', '17:14:00', 21),
	(7026, '2024-04-19', '09:51:00', '16:33:00', 21),
	(7027, '2024-04-20', '11:17:00', '17:31:00', 21),
	(7028, '2024-04-21', '09:19:00', '17:28:00', 21),
	(7029, '2024-04-22', '08:27:00', '16:48:00', 21),
	(7030, '2024-04-23', '08:28:00', '17:18:00', 21),
	(7031, '2024-04-24', '10:34:00', '16:51:00', 21),
	(7032, '2024-04-25', '11:15:00', '16:36:00', 21),
	(7033, '2024-04-26', '09:44:00', '17:45:00', 21),
	(7034, '2024-04-27', '09:10:00', '17:24:00', 21),
	(7035, '2024-04-28', '08:16:00', '16:14:00', 21),
	(7036, '2024-04-29', '11:50:00', '17:17:00', 21),
	(7037, '2024-04-30', '09:20:00', '16:31:00', 21),
	(7038, '2024-05-01', '09:12:00', '16:07:00', 21),
	(7039, '2024-05-02', '11:37:00', '16:26:00', 21),
	(7040, '2024-05-03', '10:49:00', '16:37:00', 21),
	(7041, '2024-05-04', '10:00:00', '16:30:00', 21),
	(7042, '2024-05-05', '10:13:00', '17:17:00', 21),
	(7043, '2024-05-06', '08:56:00', '17:50:00', 21),
	(7044, '2024-05-07', '08:01:00', '16:28:00', 21),
	(7045, '2024-05-08', '08:55:00', '16:04:00', 21),
	(7046, '2024-05-09', '08:22:00', '17:40:00', 21),
	(7047, '2024-05-10', '11:48:00', '16:39:00', 21),
	(7048, '2024-05-11', '11:27:00', '17:59:00', 21),
	(7049, '2024-05-12', '11:52:00', '17:51:00', 21),
	(7050, '2024-05-13', '10:35:00', '17:15:00', 21),
	(7051, '2024-05-14', '10:03:00', '17:10:00', 21),
	(7052, '2024-05-15', '10:49:00', '17:34:00', 21),
	(7053, '2024-05-16', '08:01:00', '17:46:00', 21),
	(7054, '2024-05-17', '10:29:00', '16:17:00', 21),
	(7055, '2024-05-18', '08:39:00', '16:39:00', 21),
	(7056, '2024-05-19', '11:50:00', '17:46:00', 21),
	(7057, '2024-05-20', '11:01:00', '16:15:00', 21),
	(7058, '2024-05-21', '10:20:00', '16:43:00', 21),
	(7059, '2024-05-22', '10:52:00', '16:42:00', 21),
	(7060, '2024-05-23', '08:49:00', '16:03:00', 21),
	(7061, '2024-05-24', '08:22:00', '16:29:00', 21),
	(7062, '2024-05-25', '09:18:00', '16:25:00', 21),
	(7063, '2024-05-26', '09:46:00', '16:04:00', 21),
	(7064, '2024-05-27', '09:40:00', '16:42:00', 21),
	(7065, '2024-05-28', '08:31:00', '16:46:00', 21),
	(7066, '2024-05-29', '10:45:00', '16:21:00', 21),
	(7067, '2024-05-30', '10:42:00', '17:50:00', 21),
	(7068, '2024-05-31', '10:30:00', '16:58:00', 21),
	(7069, '2024-06-01', '09:02:00', '17:01:00', 21),
	(7070, '2024-06-02', '08:15:00', '16:21:00', 21),
	(7071, '2024-06-03', '09:57:00', '16:32:00', 21),
	(7072, '2024-06-04', '09:04:00', '17:42:00', 21),
	(7073, '2024-06-05', '10:42:00', '17:37:00', 21),
	(7074, '2024-06-06', '08:37:00', '17:16:00', 21),
	(7075, '2024-06-07', '11:54:00', '17:14:00', 21),
	(7076, '2024-06-08', '11:19:00', '16:24:00', 21),
	(7077, '2024-06-09', '08:05:00', '16:55:00', 21),
	(7078, '2024-06-10', '08:15:00', '17:01:00', 21),
	(7079, '2024-06-11', '11:52:00', '17:22:00', 21),
	(7080, '2024-06-12', '08:07:00', '16:50:00', 21),
	(7081, '2024-06-13', '09:06:00', '16:58:00', 21),
	(7082, '2024-06-14', '11:12:00', '16:57:00', 21),
	(7083, '2024-06-15', '11:41:00', '16:46:00', 21),
	(7084, '2024-06-16', '09:00:00', '17:48:00', 21),
	(7085, '2024-06-17', '08:43:00', '17:13:00', 21),
	(7086, '2024-06-18', '09:59:00', '16:28:00', 21),
	(7087, '2024-06-19', '10:23:00', '17:10:00', 21),
	(7088, '2024-06-20', '09:00:00', '16:32:00', 21),
	(7089, '2024-06-21', '11:15:00', '16:15:00', 21),
	(7090, '2024-06-22', '09:03:00', '17:56:00', 21),
	(7091, '2024-06-23', '11:25:00', '16:35:00', 21),
	(7092, '2024-06-24', '08:34:00', '17:03:00', 21),
	(7093, '2024-06-25', '11:36:00', '16:01:00', 21),
	(7094, '2024-06-26', '08:25:00', '17:15:00', 21),
	(7095, '2024-06-27', '08:57:00', '17:16:00', 21),
	(7096, '2024-06-28', '11:44:00', '17:34:00', 21),
	(7097, '2024-06-29', '11:09:00', '16:47:00', 21),
	(7098, '2024-06-30', '09:37:00', '16:24:00', 21),
	(7099, '2024-04-01', '09:31:00', '17:47:00', 22),
	(7100, '2024-04-02', '11:32:00', '17:45:00', 22),
	(7101, '2024-04-03', '08:00:00', '17:58:00', 22),
	(7102, '2024-04-04', '08:13:00', '17:02:00', 22),
	(7103, '2024-04-05', '11:00:00', '16:48:00', 22),
	(7104, '2024-04-06', '09:50:00', '17:36:00', 22),
	(7105, '2024-04-07', '10:11:00', '17:26:00', 22),
	(7106, '2024-04-08', '08:03:00', '17:58:00', 22),
	(7107, '2024-04-09', '10:43:00', '16:52:00', 22),
	(7108, '2024-04-10', '09:47:00', '17:06:00', 22),
	(7109, '2024-04-11', '09:50:00', '16:36:00', 22),
	(7110, '2024-04-12', '08:38:00', '16:16:00', 22),
	(7111, '2024-04-13', '10:06:00', '17:46:00', 22),
	(7112, '2024-04-14', '09:22:00', '17:12:00', 22),
	(7113, '2024-04-15', '11:27:00', '16:44:00', 22),
	(7114, '2024-04-16', '10:16:00', '16:26:00', 22),
	(7115, '2024-04-17', '08:45:00', '17:33:00', 22),
	(7116, '2024-04-18', '09:38:00', '16:33:00', 22),
	(7117, '2024-04-19', '08:04:00', '17:19:00', 22),
	(7118, '2024-04-20', '11:00:00', '16:50:00', 22),
	(7119, '2024-04-21', '09:57:00', '17:15:00', 22),
	(7120, '2024-04-22', '09:05:00', '17:48:00', 22),
	(7121, '2024-04-23', '09:07:00', '16:09:00', 22),
	(7122, '2024-04-24', '10:16:00', '17:07:00', 22),
	(7123, '2024-04-25', '09:25:00', '16:38:00', 22),
	(7124, '2024-04-26', '11:29:00', '17:39:00', 22),
	(7125, '2024-04-27', '10:16:00', '16:55:00', 22),
	(7126, '2024-04-28', '10:16:00', '16:40:00', 22),
	(7127, '2024-04-29', '11:07:00', '16:18:00', 22),
	(7128, '2024-04-30', '11:30:00', '16:00:00', 22),
	(7129, '2024-05-01', '08:37:00', '16:13:00', 22),
	(7130, '2024-05-02', '08:00:00', '16:18:00', 22),
	(7131, '2024-05-03', '08:34:00', '17:16:00', 22),
	(7132, '2024-05-04', '10:25:00', '17:39:00', 22),
	(7133, '2024-05-05', '09:12:00', '16:45:00', 22),
	(7134, '2024-05-06', '09:21:00', '16:37:00', 22),
	(7135, '2024-05-07', '11:45:00', '16:15:00', 22),
	(7136, '2024-05-08', '11:17:00', '17:02:00', 22),
	(7137, '2024-05-09', '09:59:00', '17:41:00', 22),
	(7138, '2024-05-10', '10:32:00', '17:39:00', 22),
	(7139, '2024-05-11', '10:14:00', '16:17:00', 22),
	(7140, '2024-05-12', '09:13:00', '17:50:00', 22),
	(7141, '2024-05-13', '10:38:00', '16:08:00', 22),
	(7142, '2024-05-14', '10:59:00', '17:46:00', 22),
	(7143, '2024-05-15', '08:35:00', '16:10:00', 22),
	(7144, '2024-05-16', '10:03:00', '16:20:00', 22),
	(7145, '2024-05-17', '11:26:00', '17:48:00', 22),
	(7146, '2024-05-18', '09:18:00', '16:01:00', 22),
	(7147, '2024-05-19', '09:08:00', '16:35:00', 22),
	(7148, '2024-05-20', '11:14:00', '16:48:00', 22),
	(7149, '2024-05-21', '09:19:00', '16:43:00', 22),
	(7150, '2024-05-22', '08:35:00', '17:14:00', 22),
	(7151, '2024-05-23', '10:21:00', '17:59:00', 22),
	(7152, '2024-05-24', '10:24:00', '16:26:00', 22),
	(7153, '2024-05-25', '11:38:00', '17:37:00', 22),
	(7154, '2024-05-26', '10:56:00', '17:21:00', 22),
	(7155, '2024-05-27', '09:23:00', '17:05:00', 22),
	(7156, '2024-05-28', '10:31:00', '17:37:00', 22),
	(7157, '2024-05-29', '08:15:00', '16:36:00', 22),
	(7158, '2024-05-30', '08:12:00', '17:31:00', 22),
	(7159, '2024-05-31', '08:23:00', '17:34:00', 22),
	(7160, '2024-06-01', '09:43:00', '16:18:00', 22),
	(7161, '2024-06-02', '08:15:00', '17:06:00', 22),
	(7162, '2024-06-03', '08:34:00', '16:26:00', 22),
	(7163, '2024-06-04', '08:24:00', '17:54:00', 22),
	(7164, '2024-06-05', '11:57:00', '16:08:00', 22),
	(7165, '2024-06-06', '10:46:00', '17:10:00', 22),
	(7166, '2024-06-07', '11:31:00', '17:23:00', 22),
	(7167, '2024-06-08', '10:25:00', '16:20:00', 22),
	(7168, '2024-06-09', '09:36:00', '17:06:00', 22),
	(7169, '2024-06-10', '09:49:00', '16:07:00', 22),
	(7170, '2024-06-11', '10:23:00', '17:22:00', 22),
	(7171, '2024-06-12', '10:20:00', '17:21:00', 22),
	(7172, '2024-06-13', '09:06:00', '16:42:00', 22),
	(7173, '2024-06-14', '09:04:00', '16:38:00', 22),
	(7174, '2024-06-15', '11:47:00', '16:10:00', 22),
	(7175, '2024-06-16', '08:23:00', '17:03:00', 22),
	(7176, '2024-06-17', '11:51:00', '17:06:00', 22),
	(7177, '2024-06-18', '09:40:00', '17:02:00', 22),
	(7178, '2024-06-19', '11:27:00', '17:15:00', 22),
	(7179, '2024-06-20', '08:09:00', '16:35:00', 22),
	(7180, '2024-06-21', '08:53:00', '16:46:00', 22),
	(7181, '2024-06-22', '08:32:00', '17:10:00', 22),
	(7182, '2024-06-23', '08:25:00', '17:33:00', 22),
	(7183, '2024-06-24', '09:52:00', '16:13:00', 22),
	(7184, '2024-06-25', '09:49:00', '17:03:00', 22),
	(7185, '2024-06-26', '09:56:00', '16:36:00', 22),
	(7186, '2024-06-27', '09:15:00', '17:33:00', 22),
	(7187, '2024-06-28', '08:12:00', '17:57:00', 22),
	(7188, '2024-06-29', '10:07:00', '16:53:00', 22),
	(7189, '2024-06-30', '08:48:00', '17:32:00', 22),
	(7190, '2024-04-01', '08:36:00', '16:16:00', 23),
	(7191, '2024-04-02', '11:14:00', '17:29:00', 23),
	(7192, '2024-04-03', '10:14:00', '16:41:00', 23),
	(7193, '2024-04-04', '08:56:00', '17:10:00', 23),
	(7194, '2024-04-05', '09:38:00', '16:05:00', 23),
	(7195, '2024-04-06', '10:05:00', '16:56:00', 23),
	(7196, '2024-04-07', '09:43:00', '17:15:00', 23),
	(7197, '2024-04-08', '08:23:00', '16:50:00', 23),
	(7198, '2024-04-09', '10:00:00', '17:11:00', 23),
	(7199, '2024-04-10', '10:55:00', '17:35:00', 23),
	(7200, '2024-04-11', '11:53:00', '17:48:00', 23),
	(7201, '2024-04-12', '08:14:00', '17:07:00', 23),
	(7202, '2024-04-13', '08:16:00', '16:07:00', 23),
	(7203, '2024-04-14', '11:32:00', '16:31:00', 23),
	(7204, '2024-04-15', '08:22:00', '17:51:00', 23),
	(7205, '2024-04-16', '09:16:00', '16:42:00', 23),
	(7206, '2024-04-17', '08:54:00', '17:25:00', 23),
	(7207, '2024-04-18', '10:49:00', '16:20:00', 23),
	(7208, '2024-04-19', '11:38:00', '16:43:00', 23),
	(7209, '2024-04-20', '09:56:00', '17:03:00', 23),
	(7210, '2024-04-21', '09:18:00', '17:51:00', 23),
	(7211, '2024-04-22', '08:48:00', '16:29:00', 23),
	(7212, '2024-04-23', '09:18:00', '16:58:00', 23),
	(7213, '2024-04-24', '08:05:00', '17:35:00', 23),
	(7214, '2024-04-25', '10:29:00', '16:47:00', 23),
	(7215, '2024-04-26', '11:26:00', '17:14:00', 23),
	(7216, '2024-04-27', '08:09:00', '17:51:00', 23),
	(7217, '2024-04-28', '11:32:00', '17:06:00', 23),
	(7218, '2024-04-29', '08:24:00', '17:52:00', 23),
	(7219, '2024-04-30', '10:35:00', '17:32:00', 23),
	(7220, '2024-05-01', '09:42:00', '17:04:00', 23),
	(7221, '2024-05-02', '08:00:00', '17:13:00', 23),
	(7222, '2024-05-03', '11:41:00', '17:00:00', 23),
	(7223, '2024-05-04', '10:11:00', '16:07:00', 23),
	(7224, '2024-05-05', '09:31:00', '17:48:00', 23),
	(7225, '2024-05-06', '08:40:00', '17:32:00', 23),
	(7226, '2024-05-07', '11:17:00', '16:39:00', 23),
	(7227, '2024-05-08', '09:32:00', '16:12:00', 23),
	(7228, '2024-05-09', '11:11:00', '16:08:00', 23),
	(7229, '2024-05-10', '11:22:00', '16:13:00', 23),
	(7230, '2024-05-11', '09:03:00', '17:41:00', 23),
	(7231, '2024-05-12', '09:56:00', '17:22:00', 23),
	(7232, '2024-05-13', '08:04:00', '17:29:00', 23),
	(7233, '2024-05-14', '08:01:00', '16:58:00', 23),
	(7234, '2024-05-15', '09:53:00', '17:11:00', 23),
	(7235, '2024-05-16', '11:02:00', '17:47:00', 23),
	(7236, '2024-05-17', '11:52:00', '16:47:00', 23),
	(7237, '2024-05-18', '08:19:00', '17:41:00', 23),
	(7238, '2024-05-19', '08:51:00', '17:06:00', 23),
	(7239, '2024-05-20', '09:21:00', '17:14:00', 23),
	(7240, '2024-05-21', '09:59:00', '17:07:00', 23),
	(7241, '2024-05-22', '09:55:00', '17:30:00', 23),
	(7242, '2024-05-23', '09:00:00', '16:21:00', 23),
	(7243, '2024-05-24', '11:07:00', '16:38:00', 23),
	(7244, '2024-05-25', '08:50:00', '17:09:00', 23),
	(7245, '2024-05-26', '11:19:00', '16:11:00', 23),
	(7246, '2024-05-27', '09:36:00', '16:47:00', 23),
	(7247, '2024-05-28', '10:54:00', '16:50:00', 23),
	(7248, '2024-05-29', '08:32:00', '16:13:00', 23),
	(7249, '2024-05-30', '10:38:00', '17:30:00', 23),
	(7250, '2024-05-31', '09:59:00', '17:17:00', 23),
	(7251, '2024-06-01', '11:01:00', '17:14:00', 23),
	(7252, '2024-06-02', '08:04:00', '16:21:00', 23),
	(7253, '2024-06-03', '11:50:00', '16:54:00', 23),
	(7254, '2024-06-04', '11:14:00', '17:07:00', 23),
	(7255, '2024-06-05', '08:31:00', '16:23:00', 23),
	(7256, '2024-06-06', '08:36:00', '17:24:00', 23),
	(7257, '2024-06-07', '11:46:00', '17:33:00', 23),
	(7258, '2024-06-08', '09:54:00', '16:23:00', 23),
	(7259, '2024-06-09', '11:53:00', '16:54:00', 23),
	(7260, '2024-06-10', '11:26:00', '17:00:00', 23),
	(7261, '2024-06-11', '11:00:00', '16:26:00', 23),
	(7262, '2024-06-12', '10:45:00', '17:31:00', 23),
	(7263, '2024-06-13', '10:15:00', '17:38:00', 23),
	(7264, '2024-06-14', '10:02:00', '16:40:00', 23),
	(7265, '2024-06-15', '11:39:00', '17:55:00', 23),
	(7266, '2024-06-16', '11:19:00', '17:14:00', 23),
	(7267, '2024-06-17', '10:31:00', '16:06:00', 23),
	(7268, '2024-06-18', '08:21:00', '16:50:00', 23),
	(7269, '2024-06-19', '11:05:00', '17:35:00', 23),
	(7270, '2024-06-20', '10:06:00', '17:58:00', 23),
	(7271, '2024-06-21', '11:16:00', '17:36:00', 23),
	(7272, '2024-06-22', '08:22:00', '16:17:00', 23),
	(7273, '2024-06-23', '09:52:00', '16:48:00', 23),
	(7274, '2024-06-24', '11:25:00', '16:22:00', 23),
	(7275, '2024-06-25', '10:07:00', '17:10:00', 23),
	(7276, '2024-06-26', '11:00:00', '16:58:00', 23),
	(7277, '2024-06-27', '09:36:00', '16:57:00', 23),
	(7278, '2024-06-28', '11:45:00', '16:09:00', 23),
	(7279, '2024-06-29', '10:36:00', '17:31:00', 23),
	(7280, '2024-06-30', '08:21:00', '17:38:00', 23),
	(7281, '2024-04-01', '11:31:00', '17:52:00', 24),
	(7282, '2024-04-02', '11:09:00', '16:37:00', 24),
	(7283, '2024-04-03', '08:29:00', '17:58:00', 24),
	(7284, '2024-04-04', '09:16:00', '17:13:00', 24),
	(7285, '2024-04-05', '08:31:00', '16:05:00', 24),
	(7286, '2024-04-06', '11:09:00', '16:20:00', 24),
	(7287, '2024-04-07', '10:13:00', '16:49:00', 24),
	(7288, '2024-04-08', '11:34:00', '17:39:00', 24),
	(7289, '2024-04-09', '11:34:00', '17:32:00', 24),
	(7290, '2024-04-10', '10:25:00', '17:09:00', 24),
	(7291, '2024-04-11', '09:17:00', '17:55:00', 24),
	(7292, '2024-04-12', '10:20:00', '17:43:00', 24),
	(7293, '2024-04-13', '11:16:00', '17:49:00', 24),
	(7294, '2024-04-14', '08:50:00', '17:46:00', 24),
	(7295, '2024-04-15', '09:05:00', '17:05:00', 24),
	(7296, '2024-04-16', '10:22:00', '16:06:00', 24),
	(7297, '2024-04-17', '11:11:00', '16:59:00', 24),
	(7298, '2024-04-18', '09:57:00', '17:03:00', 24),
	(7299, '2024-04-19', '11:07:00', '17:11:00', 24),
	(7300, '2024-04-20', '11:32:00', '16:19:00', 24),
	(7301, '2024-04-21', '09:09:00', '17:23:00', 24),
	(7302, '2024-04-22', '10:36:00', '17:52:00', 24),
	(7303, '2024-04-23', '11:09:00', '17:03:00', 24),
	(7304, '2024-04-24', '11:08:00', '17:01:00', 24),
	(7305, '2024-04-25', '11:36:00', '17:37:00', 24),
	(7306, '2024-04-26', '10:59:00', '17:30:00', 24),
	(7307, '2024-04-27', '08:42:00', '16:12:00', 24),
	(7308, '2024-04-28', '08:45:00', '16:38:00', 24),
	(7309, '2024-04-29', '08:16:00', '17:02:00', 24),
	(7310, '2024-04-30', '09:32:00', '17:14:00', 24),
	(7311, '2024-05-01', '09:21:00', '17:00:00', 24),
	(7312, '2024-05-02', '08:21:00', '17:01:00', 24),
	(7313, '2024-05-03', '10:38:00', '17:54:00', 24),
	(7314, '2024-05-04', '09:38:00', '17:51:00', 24),
	(7315, '2024-05-05', '11:56:00', '17:09:00', 24),
	(7316, '2024-05-06', '10:10:00', '17:36:00', 24),
	(7317, '2024-05-07', '09:58:00', '16:02:00', 24),
	(7318, '2024-05-08', '08:02:00', '16:03:00', 24),
	(7319, '2024-05-09', '11:25:00', '17:50:00', 24),
	(7320, '2024-05-10', '08:40:00', '16:29:00', 24),
	(7321, '2024-05-11', '09:13:00', '16:46:00', 24),
	(7322, '2024-05-12', '08:39:00', '17:34:00', 24),
	(7323, '2024-05-13', '10:15:00', '17:18:00', 24),
	(7324, '2024-05-14', '08:20:00', '17:04:00', 24),
	(7325, '2024-05-15', '11:31:00', '16:59:00', 24),
	(7326, '2024-05-16', '11:01:00', '16:08:00', 24),
	(7327, '2024-05-17', '08:25:00', '17:31:00', 24),
	(7328, '2024-05-18', '08:45:00', '17:02:00', 24),
	(7329, '2024-05-19', '08:53:00', '16:45:00', 24),
	(7330, '2024-05-20', '10:04:00', '16:02:00', 24),
	(7331, '2024-05-21', '11:25:00', '17:03:00', 24),
	(7332, '2024-05-22', '11:42:00', '17:47:00', 24),
	(7333, '2024-05-23', '10:59:00', '16:06:00', 24),
	(7334, '2024-05-24', '11:37:00', '17:33:00', 24),
	(7335, '2024-05-25', '10:25:00', '17:42:00', 24),
	(7336, '2024-05-26', '09:41:00', '17:20:00', 24),
	(7337, '2024-05-27', '10:18:00', '16:47:00', 24),
	(7338, '2024-05-28', '11:13:00', '16:08:00', 24),
	(7339, '2024-05-29', '10:28:00', '16:33:00', 24),
	(7340, '2024-05-30', '08:12:00', '17:08:00', 24),
	(7341, '2024-05-31', '09:06:00', '17:41:00', 24),
	(7342, '2024-06-01', '10:51:00', '16:25:00', 24),
	(7343, '2024-06-02', '11:49:00', '16:39:00', 24),
	(7344, '2024-06-03', '08:55:00', '17:26:00', 24),
	(7345, '2024-06-04', '10:20:00', '16:45:00', 24),
	(7346, '2024-06-05', '08:33:00', '17:48:00', 24),
	(7347, '2024-06-06', '10:33:00', '17:26:00', 24),
	(7348, '2024-06-07', '09:27:00', '16:01:00', 24),
	(7349, '2024-06-08', '09:00:00', '17:58:00', 24),
	(7350, '2024-06-09', '09:50:00', '17:45:00', 24),
	(7351, '2024-06-10', '10:04:00', '16:18:00', 24),
	(7352, '2024-06-11', '11:59:00', '17:21:00', 24),
	(7353, '2024-06-12', '10:15:00', '16:22:00', 24),
	(7354, '2024-06-13', '09:44:00', '17:01:00', 24),
	(7355, '2024-06-14', '09:44:00', '17:00:00', 24),
	(7356, '2024-06-15', '11:46:00', '16:59:00', 24),
	(7357, '2024-06-16', '09:04:00', '17:36:00', 24),
	(7358, '2024-06-17', '10:34:00', '17:33:00', 24),
	(7359, '2024-06-18', '09:28:00', '16:07:00', 24),
	(7360, '2024-06-19', '10:30:00', '17:41:00', 24),
	(7361, '2024-06-20', '09:55:00', '16:18:00', 24),
	(7362, '2024-06-21', '08:23:00', '17:52:00', 24),
	(7363, '2024-06-22', '10:25:00', '16:42:00', 24),
	(7364, '2024-06-23', '10:30:00', '17:37:00', 24),
	(7365, '2024-06-24', '10:48:00', '17:11:00', 24),
	(7366, '2024-06-25', '10:32:00', '16:44:00', 24),
	(7367, '2024-06-26', '11:35:00', '17:10:00', 24),
	(7368, '2024-06-27', '09:31:00', '16:37:00', 24),
	(7369, '2024-06-28', '10:07:00', '16:37:00', 24),
	(7370, '2024-06-29', '11:41:00', '17:49:00', 24),
	(7371, '2024-06-30', '11:20:00', '17:04:00', 24),
	(7372, '2024-04-01', '09:06:00', '17:45:00', 25),
	(7373, '2024-04-02', '10:10:00', '17:11:00', 25),
	(7374, '2024-04-03', '09:23:00', '17:27:00', 25),
	(7375, '2024-04-04', '09:11:00', '16:20:00', 25),
	(7376, '2024-04-05', '08:59:00', '16:54:00', 25),
	(7377, '2024-04-06', '08:25:00', '17:51:00', 25),
	(7378, '2024-04-07', '09:42:00', '17:47:00', 25),
	(7379, '2024-04-08', '11:33:00', '16:50:00', 25),
	(7380, '2024-04-09', '10:22:00', '17:20:00', 25),
	(7381, '2024-04-10', '11:32:00', '17:40:00', 25),
	(7382, '2024-04-11', '09:12:00', '17:34:00', 25),
	(7383, '2024-04-12', '09:30:00', '16:52:00', 25),
	(7384, '2024-04-13', '09:41:00', '17:40:00', 25),
	(7385, '2024-04-14', '09:23:00', '17:20:00', 25),
	(7386, '2024-04-15', '09:47:00', '17:15:00', 25),
	(7387, '2024-04-16', '10:36:00', '17:00:00', 25),
	(7388, '2024-04-17', '08:59:00', '16:57:00', 25),
	(7389, '2024-04-18', '10:56:00', '17:19:00', 25),
	(7390, '2024-04-19', '11:42:00', '16:48:00', 25),
	(7391, '2024-04-20', '09:29:00', '17:34:00', 25),
	(7392, '2024-04-21', '08:34:00', '17:54:00', 25),
	(7393, '2024-04-22', '09:14:00', '17:45:00', 25),
	(7394, '2024-04-23', '08:43:00', '17:17:00', 25),
	(7395, '2024-04-24', '11:40:00', '16:55:00', 25),
	(7396, '2024-04-25', '09:40:00', '16:02:00', 25),
	(7397, '2024-04-26', '08:27:00', '17:14:00', 25),
	(7398, '2024-04-27', '10:37:00', '17:06:00', 25),
	(7399, '2024-04-28', '08:56:00', '16:02:00', 25),
	(7400, '2024-04-29', '11:57:00', '17:41:00', 25),
	(7401, '2024-04-30', '09:14:00', '16:01:00', 25),
	(7402, '2024-05-01', '09:11:00', '16:56:00', 25),
	(7403, '2024-05-02', '09:23:00', '17:17:00', 25),
	(7404, '2024-05-03', '10:02:00', '17:52:00', 25),
	(7405, '2024-05-04', '11:06:00', '17:31:00', 25),
	(7406, '2024-05-05', '09:42:00', '17:52:00', 25),
	(7407, '2024-05-06', '09:47:00', '16:24:00', 25),
	(7408, '2024-05-07', '10:42:00', '16:49:00', 25),
	(7409, '2024-05-08', '10:35:00', '16:44:00', 25),
	(7410, '2024-05-09', '09:14:00', '16:49:00', 25),
	(7411, '2024-05-10', '09:19:00', '17:20:00', 25),
	(7412, '2024-05-11', '08:16:00', '17:22:00', 25),
	(7413, '2024-05-12', '09:27:00', '17:37:00', 25),
	(7414, '2024-05-13', '10:25:00', '16:45:00', 25),
	(7415, '2024-05-14', '08:38:00', '17:48:00', 25),
	(7416, '2024-05-15', '11:06:00', '16:41:00', 25),
	(7417, '2024-05-16', '09:33:00', '16:50:00', 25),
	(7418, '2024-05-17', '08:29:00', '17:03:00', 25),
	(7419, '2024-05-18', '08:46:00', '17:55:00', 25),
	(7420, '2024-05-19', '09:51:00', '17:26:00', 25),
	(7421, '2024-05-20', '10:23:00', '17:04:00', 25),
	(7422, '2024-05-21', '08:04:00', '16:50:00', 25),
	(7423, '2024-05-22', '09:53:00', '17:03:00', 25),
	(7424, '2024-05-23', '10:12:00', '16:26:00', 25),
	(7425, '2024-05-24', '09:40:00', '16:11:00', 25),
	(7426, '2024-05-25', '10:43:00', '17:44:00', 25),
	(7427, '2024-05-26', '11:14:00', '17:18:00', 25),
	(7428, '2024-05-27', '10:10:00', '16:33:00', 25),
	(7429, '2024-05-28', '08:21:00', '16:32:00', 25),
	(7430, '2024-05-29', '11:30:00', '17:03:00', 25),
	(7431, '2024-05-30', '11:08:00', '16:59:00', 25),
	(7432, '2024-05-31', '11:17:00', '17:44:00', 25),
	(7433, '2024-06-01', '11:36:00', '16:31:00', 25),
	(7434, '2024-06-02', '08:56:00', '17:53:00', 25),
	(7435, '2024-06-03', '09:20:00', '17:41:00', 25),
	(7436, '2024-06-04', '11:21:00', '16:54:00', 25),
	(7437, '2024-06-05', '08:07:00', '17:02:00', 25),
	(7438, '2024-06-06', '08:52:00', '17:23:00', 25),
	(7439, '2024-06-07', '10:18:00', '17:22:00', 25),
	(7440, '2024-06-08', '09:52:00', '17:42:00', 25),
	(7441, '2024-06-09', '11:37:00', '17:59:00', 25),
	(7442, '2024-06-10', '10:49:00', '16:01:00', 25),
	(7443, '2024-06-11', '10:16:00', '16:29:00', 25),
	(7444, '2024-06-12', '09:01:00', '16:58:00', 25),
	(7445, '2024-06-13', '09:52:00', '17:12:00', 25),
	(7446, '2024-06-14', '11:52:00', '17:59:00', 25),
	(7447, '2024-06-15', '10:21:00', '16:55:00', 25),
	(7448, '2024-06-16', '11:57:00', '17:21:00', 25),
	(7449, '2024-06-17', '09:18:00', '17:25:00', 25),
	(7450, '2024-06-18', '10:45:00', '16:46:00', 25),
	(7451, '2024-06-19', '11:38:00', '17:44:00', 25),
	(7452, '2024-06-20', '09:09:00', '17:37:00', 25),
	(7453, '2024-06-21', '09:51:00', '16:40:00', 25),
	(7454, '2024-06-22', '09:25:00', '17:10:00', 25),
	(7455, '2024-06-23', '10:55:00', '17:34:00', 25),
	(7456, '2024-06-24', '08:57:00', '17:33:00', 25),
	(7457, '2024-06-25', '08:41:00', '16:43:00', 25),
	(7458, '2024-06-26', '11:48:00', '16:21:00', 25),
	(7459, '2024-06-27', '11:22:00', '17:08:00', 25),
	(7460, '2024-06-28', '10:37:00', '16:30:00', 25),
	(7461, '2024-06-29', '10:06:00', '16:57:00', 25),
	(7462, '2024-06-30', '10:36:00', '17:09:00', 25),
	(7463, '2024-04-01', '10:21:00', '16:24:00', 26),
	(7464, '2024-04-02', '11:43:00', '16:49:00', 26),
	(7465, '2024-04-03', '10:36:00', '17:20:00', 26),
	(7466, '2024-04-04', '08:35:00', '17:18:00', 26),
	(7467, '2024-04-05', '11:56:00', '16:28:00', 26),
	(7468, '2024-04-06', '11:10:00', '16:50:00', 26),
	(7469, '2024-04-07', '08:43:00', '17:55:00', 26),
	(7470, '2024-04-08', '11:40:00', '16:44:00', 26),
	(7471, '2024-04-09', '08:12:00', '17:19:00', 26),
	(7472, '2024-04-10', '10:40:00', '17:58:00', 26),
	(7473, '2024-04-11', '08:25:00', '16:40:00', 26),
	(7474, '2024-04-12', '10:22:00', '17:32:00', 26),
	(7475, '2024-04-13', '10:48:00', '17:32:00', 26),
	(7476, '2024-04-14', '11:27:00', '17:57:00', 26),
	(7477, '2024-04-15', '10:31:00', '16:06:00', 26),
	(7478, '2024-04-16', '10:10:00', '17:03:00', 26),
	(7479, '2024-04-17', '09:38:00', '16:05:00', 26),
	(7480, '2024-04-18', '08:07:00', '16:11:00', 26),
	(7481, '2024-04-19', '09:26:00', '16:55:00', 26),
	(7482, '2024-04-20', '08:43:00', '16:16:00', 26),
	(7483, '2024-04-21', '10:37:00', '17:40:00', 26),
	(7484, '2024-04-22', '08:21:00', '17:34:00', 26),
	(7485, '2024-04-23', '09:39:00', '17:47:00', 26),
	(7486, '2024-04-24', '09:45:00', '16:41:00', 26),
	(7487, '2024-04-25', '11:52:00', '16:52:00', 26),
	(7488, '2024-04-26', '11:04:00', '17:05:00', 26),
	(7489, '2024-04-27', '11:24:00', '16:38:00', 26),
	(7490, '2024-04-28', '09:52:00', '16:53:00', 26),
	(7491, '2024-04-29', '10:25:00', '17:28:00', 26),
	(7492, '2024-04-30', '08:27:00', '17:38:00', 26),
	(7493, '2024-05-01', '08:21:00', '17:00:00', 26),
	(7494, '2024-05-02', '11:25:00', '16:43:00', 26),
	(7495, '2024-05-03', '09:38:00', '16:22:00', 26),
	(7496, '2024-05-04', '09:28:00', '16:08:00', 26),
	(7497, '2024-05-05', '11:55:00', '17:59:00', 26),
	(7498, '2024-05-06', '08:25:00', '16:44:00', 26),
	(7499, '2024-05-07', '09:22:00', '16:53:00', 26),
	(7500, '2024-05-08', '09:10:00', '17:49:00', 26),
	(7501, '2024-05-09', '10:42:00', '16:03:00', 26),
	(7502, '2024-05-10', '11:51:00', '17:28:00', 26),
	(7503, '2024-05-11', '09:32:00', '16:54:00', 26),
	(7504, '2024-05-12', '10:22:00', '16:16:00', 26),
	(7505, '2024-05-13', '08:51:00', '17:40:00', 26),
	(7506, '2024-05-14', '08:17:00', '17:21:00', 26),
	(7507, '2024-05-15', '08:13:00', '17:02:00', 26),
	(7508, '2024-05-16', '09:53:00', '16:14:00', 26),
	(7509, '2024-05-17', '08:38:00', '16:46:00', 26),
	(7510, '2024-05-18', '10:46:00', '16:29:00', 26),
	(7511, '2024-05-19', '10:21:00', '16:01:00', 26),
	(7512, '2024-05-20', '10:39:00', '16:44:00', 26),
	(7513, '2024-05-21', '09:44:00', '17:44:00', 26),
	(7514, '2024-05-22', '10:52:00', '16:31:00', 26),
	(7515, '2024-05-23', '08:59:00', '16:18:00', 26),
	(7516, '2024-05-24', '08:32:00', '16:50:00', 26),
	(7517, '2024-05-25', '09:17:00', '17:31:00', 26),
	(7518, '2024-05-26', '10:47:00', '17:50:00', 26),
	(7519, '2024-05-27', '10:19:00', '17:01:00', 26),
	(7520, '2024-05-28', '11:54:00', '16:49:00', 26),
	(7521, '2024-05-29', '10:42:00', '16:23:00', 26),
	(7522, '2024-05-30', '09:47:00', '17:19:00', 26),
	(7523, '2024-05-31', '11:50:00', '16:07:00', 26),
	(7524, '2024-06-01', '08:20:00', '16:37:00', 26),
	(7525, '2024-06-02', '10:46:00', '17:26:00', 26),
	(7526, '2024-06-03', '10:13:00', '17:54:00', 26),
	(7527, '2024-06-04', '10:25:00', '17:08:00', 26),
	(7528, '2024-06-05', '09:16:00', '16:30:00', 26),
	(7529, '2024-06-06', '09:52:00', '17:09:00', 26),
	(7530, '2024-06-07', '09:33:00', '16:45:00', 26),
	(7531, '2024-06-08', '11:55:00', '17:08:00', 26),
	(7532, '2024-06-09', '09:04:00', '16:54:00', 26),
	(7533, '2024-06-10', '10:35:00', '16:37:00', 26),
	(7534, '2024-06-11', '11:24:00', '17:14:00', 26),
	(7535, '2024-06-12', '11:06:00', '16:32:00', 26),
	(7536, '2024-06-13', '08:12:00', '17:20:00', 26),
	(7537, '2024-06-14', '09:40:00', '16:55:00', 26),
	(7538, '2024-06-15', '10:47:00', '16:29:00', 26),
	(7539, '2024-06-16', '08:26:00', '17:58:00', 26),
	(7540, '2024-06-17', '08:37:00', '16:34:00', 26),
	(7541, '2024-06-18', '10:58:00', '17:25:00', 26),
	(7542, '2024-06-19', '09:09:00', '17:34:00', 26),
	(7543, '2024-06-20', '08:04:00', '17:23:00', 26),
	(7544, '2024-06-21', '08:02:00', '16:51:00', 26),
	(7545, '2024-06-22', '09:33:00', '16:55:00', 26),
	(7546, '2024-06-23', '09:36:00', '17:14:00', 26),
	(7547, '2024-06-24', '11:22:00', '16:55:00', 26),
	(7548, '2024-06-25', '09:30:00', '17:25:00', 26),
	(7549, '2024-06-26', '09:29:00', '17:47:00', 26),
	(7550, '2024-06-27', '09:11:00', '17:54:00', 26),
	(7551, '2024-06-28', '08:01:00', '17:52:00', 26),
	(7552, '2024-06-29', '11:19:00', '17:03:00', 26),
	(7553, '2024-06-30', '08:54:00', '17:03:00', 26),
	(7554, '2024-04-01', '09:16:00', '16:28:00', 27),
	(7555, '2024-04-02', '09:49:00', '16:49:00', 27),
	(7556, '2024-04-03', '11:27:00', '17:42:00', 27),
	(7557, '2024-04-04', '09:38:00', '17:58:00', 27),
	(7558, '2024-04-05', '09:31:00', '16:37:00', 27),
	(7559, '2024-04-06', '09:30:00', '16:23:00', 27),
	(7560, '2024-04-07', '09:14:00', '16:03:00', 27),
	(7561, '2024-04-08', '09:20:00', '16:34:00', 27),
	(7562, '2024-04-09', '08:16:00', '16:49:00', 27),
	(7563, '2024-04-10', '11:18:00', '17:23:00', 27),
	(7564, '2024-04-11', '10:57:00', '16:30:00', 27),
	(7565, '2024-04-12', '09:54:00', '17:14:00', 27),
	(7566, '2024-04-13', '09:56:00', '17:43:00', 27),
	(7567, '2024-04-14', '09:07:00', '16:41:00', 27),
	(7568, '2024-04-15', '08:19:00', '17:03:00', 27),
	(7569, '2024-04-16', '11:03:00', '16:36:00', 27),
	(7570, '2024-04-17', '11:47:00', '17:07:00', 27),
	(7571, '2024-04-18', '11:36:00', '16:12:00', 27),
	(7572, '2024-04-19', '08:11:00', '17:33:00', 27),
	(7573, '2024-04-20', '11:38:00', '17:47:00', 27),
	(7574, '2024-04-21', '10:18:00', '16:02:00', 27),
	(7575, '2024-04-22', '08:32:00', '17:36:00', 27),
	(7576, '2024-04-23', '08:51:00', '16:17:00', 27),
	(7577, '2024-04-24', '11:24:00', '16:01:00', 27),
	(7578, '2024-04-25', '09:06:00', '17:39:00', 27),
	(7579, '2024-04-26', '10:41:00', '17:31:00', 27),
	(7580, '2024-04-27', '08:10:00', '16:06:00', 27),
	(7581, '2024-04-28', '10:40:00', '17:05:00', 27),
	(7582, '2024-04-29', '09:02:00', '17:28:00', 27),
	(7583, '2024-04-30', '10:41:00', '16:06:00', 27),
	(7584, '2024-05-01', '10:21:00', '17:35:00', 27),
	(7585, '2024-05-02', '08:29:00', '17:05:00', 27),
	(7586, '2024-05-03', '10:20:00', '17:48:00', 27),
	(7587, '2024-05-04', '09:59:00', '17:13:00', 27),
	(7588, '2024-05-05', '10:49:00', '16:58:00', 27),
	(7589, '2024-05-06', '11:37:00', '16:40:00', 27),
	(7590, '2024-05-07', '09:43:00', '17:57:00', 27),
	(7591, '2024-05-08', '10:42:00', '17:50:00', 27),
	(7592, '2024-05-09', '10:58:00', '16:38:00', 27),
	(7593, '2024-05-10', '08:58:00', '16:17:00', 27),
	(7594, '2024-05-11', '11:46:00', '16:27:00', 27),
	(7595, '2024-05-12', '09:32:00', '16:23:00', 27),
	(7596, '2024-05-13', '10:44:00', '16:12:00', 27),
	(7597, '2024-05-14', '10:37:00', '16:49:00', 27),
	(7598, '2024-05-15', '08:58:00', '17:35:00', 27),
	(7599, '2024-05-16', '10:55:00', '16:48:00', 27),
	(7600, '2024-05-17', '11:53:00', '16:49:00', 27),
	(7601, '2024-05-18', '09:37:00', '17:59:00', 27),
	(7602, '2024-05-19', '11:50:00', '16:48:00', 27),
	(7603, '2024-05-20', '09:10:00', '17:18:00', 27),
	(7604, '2024-05-21', '08:28:00', '17:02:00', 27),
	(7605, '2024-05-22', '11:47:00', '16:55:00', 27),
	(7606, '2024-05-23', '10:02:00', '17:56:00', 27),
	(7607, '2024-05-24', '10:47:00', '16:20:00', 27),
	(7608, '2024-05-25', '10:23:00', '17:25:00', 27),
	(7609, '2024-05-26', '10:45:00', '16:17:00', 27),
	(7610, '2024-05-27', '09:47:00', '16:46:00', 27),
	(7611, '2024-05-28', '09:02:00', '16:44:00', 27),
	(7612, '2024-05-29', '09:12:00', '17:01:00', 27),
	(7613, '2024-05-30', '10:21:00', '16:25:00', 27),
	(7614, '2024-05-31', '10:43:00', '17:32:00', 27),
	(7615, '2024-06-01', '09:08:00', '16:10:00', 27),
	(7616, '2024-06-02', '11:35:00', '17:02:00', 27),
	(7617, '2024-06-03', '10:02:00', '16:26:00', 27),
	(7618, '2024-06-04', '09:50:00', '17:30:00', 27),
	(7619, '2024-06-05', '09:20:00', '16:39:00', 27),
	(7620, '2024-06-06', '10:37:00', '17:04:00', 27),
	(7621, '2024-06-07', '11:02:00', '16:41:00', 27),
	(7622, '2024-06-08', '09:02:00', '17:21:00', 27),
	(7623, '2024-06-09', '11:56:00', '17:50:00', 27),
	(7624, '2024-06-10', '10:45:00', '17:39:00', 27),
	(7625, '2024-06-11', '09:11:00', '16:34:00', 27),
	(7626, '2024-06-12', '10:13:00', '17:00:00', 27),
	(7627, '2024-06-13', '08:12:00', '17:14:00', 27),
	(7628, '2024-06-14', '10:58:00', '16:17:00', 27),
	(7629, '2024-06-15', '08:25:00', '16:55:00', 27),
	(7630, '2024-06-16', '11:27:00', '17:57:00', 27),
	(7631, '2024-06-17', '11:37:00', '16:21:00', 27),
	(7632, '2024-06-18', '10:22:00', '16:45:00', 27),
	(7633, '2024-06-19', '10:06:00', '16:05:00', 27),
	(7634, '2024-06-20', '10:00:00', '16:23:00', 27),
	(7635, '2024-06-21', '10:38:00', '16:45:00', 27),
	(7636, '2024-06-22', '10:11:00', '16:29:00', 27),
	(7637, '2024-06-23', '10:00:00', '16:45:00', 27),
	(7638, '2024-06-24', '09:20:00', '17:24:00', 27),
	(7639, '2024-06-25', '11:17:00', '16:26:00', 27),
	(7640, '2024-06-26', '08:49:00', '16:16:00', 27),
	(7641, '2024-06-27', '09:41:00', '16:28:00', 27),
	(7642, '2024-06-28', '10:14:00', '17:20:00', 27),
	(7643, '2024-06-29', '10:33:00', '17:37:00', 27),
	(7644, '2024-06-30', '08:45:00', '17:44:00', 27),
	(7645, '2024-04-01', '08:17:00', '16:28:00', 28),
	(7646, '2024-04-02', '11:51:00', '17:04:00', 28),
	(7647, '2024-04-03', '09:25:00', '17:49:00', 28),
	(7648, '2024-04-04', '11:30:00', '16:27:00', 28),
	(7649, '2024-04-05', '10:49:00', '17:25:00', 28),
	(7650, '2024-04-06', '11:39:00', '16:18:00', 28),
	(7651, '2024-04-07', '09:11:00', '17:08:00', 28),
	(7652, '2024-04-08', '10:39:00', '17:09:00', 28),
	(7653, '2024-04-09', '08:01:00', '17:13:00', 28),
	(7654, '2024-04-10', '11:32:00', '16:55:00', 28),
	(7655, '2024-04-11', '08:17:00', '16:38:00', 28),
	(7656, '2024-04-12', '08:58:00', '17:59:00', 28),
	(7657, '2024-04-13', '09:59:00', '16:38:00', 28),
	(7658, '2024-04-14', '08:52:00', '17:03:00', 28),
	(7659, '2024-04-15', '09:06:00', '17:24:00', 28),
	(7660, '2024-04-16', '10:42:00', '16:48:00', 28),
	(7661, '2024-04-17', '10:44:00', '17:51:00', 28),
	(7662, '2024-04-18', '10:54:00', '17:25:00', 28),
	(7663, '2024-04-19', '11:25:00', '17:41:00', 28),
	(7664, '2024-04-20', '09:25:00', '17:40:00', 28),
	(7665, '2024-04-21', '08:25:00', '17:18:00', 28),
	(7666, '2024-04-22', '11:12:00', '16:33:00', 28),
	(7667, '2024-04-23', '08:24:00', '16:16:00', 28),
	(7668, '2024-04-24', '08:05:00', '17:07:00', 28),
	(7669, '2024-04-25', '11:10:00', '17:34:00', 28),
	(7670, '2024-04-26', '09:09:00', '17:31:00', 28),
	(7671, '2024-04-27', '09:57:00', '17:54:00', 28),
	(7672, '2024-04-28', '08:50:00', '16:13:00', 28),
	(7673, '2024-04-29', '08:08:00', '17:53:00', 28),
	(7674, '2024-04-30', '09:27:00', '17:32:00', 28),
	(7675, '2024-05-01', '10:51:00', '17:59:00', 28),
	(7676, '2024-05-02', '08:13:00', '16:40:00', 28),
	(7677, '2024-05-03', '08:51:00', '17:34:00', 28),
	(7678, '2024-05-04', '08:54:00', '16:49:00', 28),
	(7679, '2024-05-05', '09:29:00', '17:18:00', 28),
	(7680, '2024-05-06', '08:33:00', '17:19:00', 28),
	(7681, '2024-05-07', '09:03:00', '16:03:00', 28),
	(7682, '2024-05-08', '09:22:00', '16:25:00', 28),
	(7683, '2024-05-09', '09:48:00', '16:04:00', 28),
	(7684, '2024-05-10', '11:57:00', '17:28:00', 28),
	(7685, '2024-05-11', '11:47:00', '16:39:00', 28),
	(7686, '2024-05-12', '09:16:00', '17:11:00', 28),
	(7687, '2024-05-13', '10:17:00', '17:51:00', 28),
	(7688, '2024-05-14', '08:46:00', '17:09:00', 28),
	(7689, '2024-05-15', '10:28:00', '16:56:00', 28),
	(7690, '2024-05-16', '08:49:00', '17:28:00', 28),
	(7691, '2024-05-17', '10:20:00', '16:12:00', 28),
	(7692, '2024-05-18', '09:33:00', '16:22:00', 28),
	(7693, '2024-05-19', '10:26:00', '16:49:00', 28),
	(7694, '2024-05-20', '11:15:00', '16:04:00', 28),
	(7695, '2024-05-21', '08:00:00', '16:59:00', 28),
	(7696, '2024-05-22', '09:42:00', '17:45:00', 28),
	(7697, '2024-05-23', '11:10:00', '17:45:00', 28),
	(7698, '2024-05-24', '09:06:00', '17:45:00', 28),
	(7699, '2024-05-25', '08:09:00', '17:48:00', 28),
	(7700, '2024-05-26', '11:42:00', '17:27:00', 28),
	(7701, '2024-05-27', '10:59:00', '17:13:00', 28),
	(7702, '2024-05-28', '11:32:00', '17:01:00', 28),
	(7703, '2024-05-29', '10:36:00', '16:49:00', 28),
	(7704, '2024-05-30', '10:17:00', '16:37:00', 28),
	(7705, '2024-05-31', '09:17:00', '17:33:00', 28),
	(7706, '2024-06-01', '09:04:00', '17:31:00', 28),
	(7707, '2024-06-02', '11:24:00', '16:13:00', 28),
	(7708, '2024-06-03', '10:35:00', '16:19:00', 28),
	(7709, '2024-06-04', '08:20:00', '17:34:00', 28),
	(7710, '2024-06-05', '09:03:00', '16:09:00', 28),
	(7711, '2024-06-06', '09:03:00', '17:37:00', 28),
	(7712, '2024-06-07', '10:54:00', '17:01:00', 28),
	(7713, '2024-06-08', '11:16:00', '17:27:00', 28),
	(7714, '2024-06-09', '09:24:00', '17:55:00', 28),
	(7715, '2024-06-10', '09:56:00', '17:57:00', 28),
	(7716, '2024-06-11', '08:24:00', '16:57:00', 28),
	(7717, '2024-06-12', '11:23:00', '16:32:00', 28),
	(7718, '2024-06-13', '08:06:00', '17:54:00', 28),
	(7719, '2024-06-14', '11:50:00', '17:20:00', 28),
	(7720, '2024-06-15', '11:49:00', '16:58:00', 28),
	(7721, '2024-06-16', '08:33:00', '16:09:00', 28),
	(7722, '2024-06-17', '10:12:00', '16:24:00', 28),
	(7723, '2024-06-18', '10:15:00', '17:14:00', 28),
	(7724, '2024-06-19', '10:10:00', '17:42:00', 28),
	(7725, '2024-06-20', '10:50:00', '17:03:00', 28),
	(7726, '2024-06-21', '08:07:00', '17:45:00', 28),
	(7727, '2024-06-22', '11:30:00', '16:24:00', 28),
	(7728, '2024-06-23', '08:46:00', '17:08:00', 28),
	(7729, '2024-06-24', '11:34:00', '16:34:00', 28),
	(7730, '2024-06-25', '09:31:00', '16:00:00', 28),
	(7731, '2024-06-26', '09:44:00', '16:47:00', 28),
	(7732, '2024-06-27', '09:48:00', '16:30:00', 28),
	(7733, '2024-06-28', '10:35:00', '17:15:00', 28),
	(7734, '2024-06-29', '09:26:00', '17:17:00', 28),
	(7735, '2024-06-30', '11:25:00', '16:43:00', 28),
	(7736, '2024-04-01', '11:43:00', '16:11:00', 29),
	(7737, '2024-04-02', '09:28:00', '16:39:00', 29),
	(7738, '2024-04-03', '10:10:00', '16:44:00', 29),
	(7739, '2024-04-04', '09:11:00', '17:57:00', 29),
	(7740, '2024-04-05', '11:11:00', '17:57:00', 29),
	(7741, '2024-04-06', '09:27:00', '16:28:00', 29),
	(7742, '2024-04-07', '09:26:00', '16:32:00', 29),
	(7743, '2024-04-08', '08:32:00', '16:03:00', 29),
	(7744, '2024-04-09', '10:45:00', '16:58:00', 29),
	(7745, '2024-04-10', '09:11:00', '17:10:00', 29),
	(7746, '2024-04-11', '10:40:00', '16:11:00', 29),
	(7747, '2024-04-12', '09:43:00', '17:06:00', 29),
	(7748, '2024-04-13', '08:42:00', '17:10:00', 29),
	(7749, '2024-04-14', '08:30:00', '17:19:00', 29),
	(7750, '2024-04-15', '09:55:00', '16:23:00', 29),
	(7751, '2024-04-16', '08:47:00', '17:54:00', 29),
	(7752, '2024-04-17', '09:30:00', '16:54:00', 29),
	(7753, '2024-04-18', '11:23:00', '16:33:00', 29),
	(7754, '2024-04-19', '11:02:00', '16:59:00', 29),
	(7755, '2024-04-20', '10:53:00', '17:27:00', 29),
	(7756, '2024-04-21', '08:02:00', '17:41:00', 29),
	(7757, '2024-04-22', '08:16:00', '16:54:00', 29),
	(7758, '2024-04-23', '11:18:00', '16:41:00', 29),
	(7759, '2024-04-24', '10:10:00', '17:11:00', 29),
	(7760, '2024-04-25', '11:33:00', '16:06:00', 29),
	(7761, '2024-04-26', '09:16:00', '16:58:00', 29),
	(7762, '2024-04-27', '08:15:00', '17:49:00', 29),
	(7763, '2024-04-28', '11:34:00', '16:01:00', 29),
	(7764, '2024-04-29', '08:42:00', '17:56:00', 29),
	(7765, '2024-04-30', '09:21:00', '16:07:00', 29),
	(7766, '2024-05-01', '11:10:00', '16:08:00', 29),
	(7767, '2024-05-02', '10:16:00', '16:31:00', 29),
	(7768, '2024-05-03', '10:51:00', '17:47:00', 29),
	(7769, '2024-05-04', '11:06:00', '17:55:00', 29),
	(7770, '2024-05-05', '11:43:00', '17:28:00', 29),
	(7771, '2024-05-06', '09:20:00', '17:47:00', 29),
	(7772, '2024-05-07', '08:46:00', '17:01:00', 29),
	(7773, '2024-05-08', '10:13:00', '17:25:00', 29),
	(7774, '2024-05-09', '08:04:00', '17:53:00', 29),
	(7775, '2024-05-10', '08:39:00', '16:12:00', 29),
	(7776, '2024-05-11', '08:11:00', '16:29:00', 29),
	(7777, '2024-05-12', '08:41:00', '17:11:00', 29),
	(7778, '2024-05-13', '09:03:00', '17:13:00', 29),
	(7779, '2024-05-14', '11:44:00', '16:01:00', 29),
	(7780, '2024-05-15', '08:27:00', '16:24:00', 29),
	(7781, '2024-05-16', '11:48:00', '17:12:00', 29),
	(7782, '2024-05-17', '09:03:00', '16:11:00', 29),
	(7783, '2024-05-18', '11:30:00', '17:44:00', 29),
	(7784, '2024-05-19', '09:21:00', '16:24:00', 29),
	(7785, '2024-05-20', '09:45:00', '16:19:00', 29),
	(7786, '2024-05-21', '10:58:00', '16:56:00', 29),
	(7787, '2024-05-22', '09:42:00', '17:31:00', 29),
	(7788, '2024-05-23', '08:44:00', '16:19:00', 29),
	(7789, '2024-05-24', '08:22:00', '16:13:00', 29),
	(7790, '2024-05-25', '09:47:00', '17:28:00', 29),
	(7791, '2024-05-26', '10:40:00', '17:01:00', 29),
	(7792, '2024-05-27', '09:02:00', '17:19:00', 29),
	(7793, '2024-05-28', '11:21:00', '17:09:00', 29),
	(7794, '2024-05-29', '11:17:00', '17:37:00', 29),
	(7795, '2024-05-30', '09:30:00', '17:17:00', 29),
	(7796, '2024-05-31', '11:34:00', '17:51:00', 29),
	(7797, '2024-06-01', '11:42:00', '16:14:00', 29),
	(7798, '2024-06-02', '11:29:00', '16:21:00', 29),
	(7799, '2024-06-03', '10:26:00', '16:45:00', 29),
	(7800, '2024-06-04', '08:45:00', '17:43:00', 29),
	(7801, '2024-06-05', '10:31:00', '16:02:00', 29),
	(7802, '2024-06-06', '09:51:00', '17:15:00', 29),
	(7803, '2024-06-07', '08:36:00', '16:32:00', 29),
	(7804, '2024-06-08', '10:24:00', '16:31:00', 29),
	(7805, '2024-06-09', '11:38:00', '17:41:00', 29),
	(7806, '2024-06-10', '08:48:00', '16:01:00', 29),
	(7807, '2024-06-11', '09:13:00', '16:23:00', 29),
	(7808, '2024-06-12', '08:03:00', '17:15:00', 29),
	(7809, '2024-06-13', '10:45:00', '17:47:00', 29),
	(7810, '2024-06-14', '10:24:00', '16:42:00', 29),
	(7811, '2024-06-15', '09:40:00', '17:26:00', 29),
	(7812, '2024-06-16', '09:10:00', '17:57:00', 29),
	(7813, '2024-06-17', '10:44:00', '17:28:00', 29),
	(7814, '2024-06-18', '10:45:00', '16:01:00', 29),
	(7815, '2024-06-19', '11:15:00', '17:03:00', 29),
	(7816, '2024-06-20', '10:55:00', '17:20:00', 29),
	(7817, '2024-06-21', '09:32:00', '17:51:00', 29),
	(7818, '2024-06-22', '08:13:00', '17:36:00', 29),
	(7819, '2024-06-23', '08:25:00', '17:01:00', 29),
	(7820, '2024-06-24', '11:05:00', '17:02:00', 29),
	(7821, '2024-06-25', '11:13:00', '16:01:00', 29),
	(7822, '2024-06-26', '10:11:00', '17:13:00', 29),
	(7823, '2024-06-27', '08:57:00', '17:46:00', 29),
	(7824, '2024-06-28', '10:38:00', '16:54:00', 29),
	(7825, '2024-06-29', '11:53:00', '17:34:00', 29),
	(7826, '2024-06-30', '09:33:00', '16:19:00', 29),
	(7827, '2024-04-01', '08:17:00', '17:56:00', 30),
	(7828, '2024-04-02', '09:52:00', '16:34:00', 30),
	(7829, '2024-04-03', '09:41:00', '16:23:00', 30),
	(7830, '2024-04-04', '08:18:00', '17:00:00', 30),
	(7831, '2024-04-05', '09:03:00', '17:50:00', 30),
	(7832, '2024-04-06', '08:55:00', '16:48:00', 30),
	(7833, '2024-04-07', '10:38:00', '16:24:00', 30),
	(7834, '2024-04-08', '08:37:00', '17:39:00', 30),
	(7835, '2024-04-09', '10:22:00', '17:15:00', 30),
	(7836, '2024-04-10', '10:28:00', '16:48:00', 30),
	(7837, '2024-04-11', '08:00:00', '16:43:00', 30),
	(7838, '2024-04-12', '10:47:00', '17:03:00', 30),
	(7839, '2024-04-13', '10:17:00', '16:09:00', 30),
	(7840, '2024-04-14', '10:06:00', '17:11:00', 30),
	(7841, '2024-04-15', '10:48:00', '17:33:00', 30),
	(7842, '2024-04-16', '08:24:00', '17:38:00', 30),
	(7843, '2024-04-17', '08:50:00', '17:58:00', 30),
	(7844, '2024-04-18', '11:00:00', '17:29:00', 30),
	(7845, '2024-04-19', '09:18:00', '16:03:00', 30),
	(7846, '2024-04-20', '11:17:00', '16:18:00', 30),
	(7847, '2024-04-21', '10:51:00', '16:26:00', 30),
	(7848, '2024-04-22', '11:00:00', '16:55:00', 30),
	(7849, '2024-04-23', '09:27:00', '17:50:00', 30),
	(7850, '2024-04-24', '09:02:00', '16:30:00', 30),
	(7851, '2024-04-25', '08:19:00', '16:18:00', 30),
	(7852, '2024-04-26', '11:48:00', '17:57:00', 30),
	(7853, '2024-04-27', '10:39:00', '17:17:00', 30),
	(7854, '2024-04-28', '10:49:00', '17:36:00', 30),
	(7855, '2024-04-29', '11:17:00', '16:57:00', 30),
	(7856, '2024-04-30', '09:44:00', '17:24:00', 30),
	(7857, '2024-05-01', '09:42:00', '16:41:00', 30),
	(7858, '2024-05-02', '10:12:00', '16:03:00', 30),
	(7859, '2024-05-03', '10:14:00', '16:37:00', 30),
	(7860, '2024-05-04', '09:17:00', '16:59:00', 30),
	(7861, '2024-05-05', '09:35:00', '16:31:00', 30),
	(7862, '2024-05-06', '10:38:00', '16:30:00', 30),
	(7863, '2024-05-07', '09:18:00', '17:14:00', 30),
	(7864, '2024-05-08', '10:14:00', '16:57:00', 30),
	(7865, '2024-05-09', '11:51:00', '17:12:00', 30),
	(7866, '2024-05-10', '10:14:00', '16:03:00', 30),
	(7867, '2024-05-11', '11:47:00', '16:05:00', 30),
	(7868, '2024-05-12', '10:30:00', '16:40:00', 30),
	(7869, '2024-05-13', '09:58:00', '17:07:00', 30),
	(7870, '2024-05-14', '08:41:00', '16:28:00', 30),
	(7871, '2024-05-15', '08:40:00', '17:21:00', 30),
	(7872, '2024-05-16', '10:03:00', '17:50:00', 30),
	(7873, '2024-05-17', '08:01:00', '16:26:00', 30),
	(7874, '2024-05-18', '11:30:00', '17:32:00', 30),
	(7875, '2024-05-19', '09:30:00', '17:53:00', 30),
	(7876, '2024-05-20', '09:24:00', '17:11:00', 30),
	(7877, '2024-05-21', '10:27:00', '17:48:00', 30),
	(7878, '2024-05-22', '09:17:00', '16:29:00', 30),
	(7879, '2024-05-23', '08:45:00', '16:58:00', 30),
	(7880, '2024-05-24', '11:43:00', '17:05:00', 30),
	(7881, '2024-05-25', '11:07:00', '16:15:00', 30),
	(7882, '2024-05-26', '11:54:00', '16:46:00', 30),
	(7883, '2024-05-27', '10:55:00', '17:05:00', 30),
	(7884, '2024-05-28', '09:14:00', '16:33:00', 30),
	(7885, '2024-05-29', '08:48:00', '16:34:00', 30),
	(7886, '2024-05-30', '09:42:00', '17:18:00', 30),
	(7887, '2024-05-31', '09:43:00', '17:46:00', 30),
	(7888, '2024-06-01', '11:32:00', '16:16:00', 30),
	(7889, '2024-06-02', '11:23:00', '17:44:00', 30),
	(7890, '2024-06-03', '10:06:00', '16:07:00', 30),
	(7891, '2024-06-04', '08:30:00', '17:53:00', 30),
	(7892, '2024-06-05', '08:32:00', '16:26:00', 30),
	(7893, '2024-06-06', '08:27:00', '16:58:00', 30),
	(7894, '2024-06-07', '09:20:00', '17:23:00', 30),
	(7895, '2024-06-08', '11:08:00', '17:16:00', 30),
	(7896, '2024-06-09', '10:52:00', '17:19:00', 30),
	(7897, '2024-06-10', '11:43:00', '17:23:00', 30),
	(7898, '2024-06-11', '10:37:00', '16:09:00', 30),
	(7899, '2024-06-12', '10:51:00', '17:09:00', 30),
	(7900, '2024-06-13', '08:55:00', '16:06:00', 30),
	(7901, '2024-06-14', '10:06:00', '16:18:00', 30),
	(7902, '2024-06-15', '11:21:00', '16:31:00', 30),
	(7903, '2024-06-16', '08:41:00', '16:32:00', 30),
	(7904, '2024-06-17', '10:03:00', '16:04:00', 30),
	(7905, '2024-06-18', '10:56:00', '17:33:00', 30),
	(7906, '2024-06-19', '10:55:00', '16:20:00', 30),
	(7907, '2024-06-20', '09:25:00', '17:02:00', 30),
	(7908, '2024-06-21', '10:58:00', '16:24:00', 30),
	(7909, '2024-06-22', '08:07:00', '17:08:00', 30),
	(7910, '2024-06-23', '10:30:00', '16:19:00', 30),
	(7911, '2024-06-24', '08:22:00', '16:18:00', 30),
	(7912, '2024-06-25', '11:44:00', '17:29:00', 30),
	(7913, '2024-06-26', '10:59:00', '17:43:00', 30),
	(7914, '2024-06-27', '08:09:00', '16:14:00', 30),
	(7915, '2024-06-28', '11:14:00', '16:10:00', 30),
	(7916, '2024-06-29', '11:10:00', '17:37:00', 30),
	(7917, '2024-06-30', '10:07:00', '16:10:00', 30),
	(7918, '2024-04-01', '11:05:00', '16:59:00', 31),
	(7919, '2024-04-02', '11:27:00', '17:42:00', 31),
	(7920, '2024-04-03', '09:11:00', '16:50:00', 31),
	(7921, '2024-04-04', '10:10:00', '16:28:00', 31),
	(7922, '2024-04-05', '09:06:00', '16:04:00', 31),
	(7923, '2024-04-06', '11:04:00', '16:35:00', 31),
	(7924, '2024-04-07', '09:30:00', '17:24:00', 31),
	(7925, '2024-04-08', '08:14:00', '16:54:00', 31),
	(7926, '2024-04-09', '10:45:00', '16:14:00', 31),
	(7927, '2024-04-10', '08:00:00', '17:24:00', 31),
	(7928, '2024-04-11', '11:57:00', '17:44:00', 31),
	(7929, '2024-04-12', '08:02:00', '16:28:00', 31),
	(7930, '2024-04-13', '09:58:00', '16:33:00', 31),
	(7931, '2024-04-14', '08:57:00', '17:52:00', 31),
	(7932, '2024-04-15', '11:55:00', '16:26:00', 31),
	(7933, '2024-04-16', '10:56:00', '17:08:00', 31),
	(7934, '2024-04-17', '10:19:00', '16:57:00', 31),
	(7935, '2024-04-18', '10:13:00', '16:09:00', 31),
	(7936, '2024-04-19', '08:29:00', '16:27:00', 31),
	(7937, '2024-04-20', '08:03:00', '17:07:00', 31),
	(7938, '2024-04-21', '10:54:00', '16:39:00', 31),
	(7939, '2024-04-22', '08:27:00', '17:41:00', 31),
	(7940, '2024-04-23', '11:28:00', '17:27:00', 31),
	(7941, '2024-04-24', '09:01:00', '17:34:00', 31),
	(7942, '2024-04-25', '09:06:00', '17:47:00', 31),
	(7943, '2024-04-26', '09:17:00', '17:07:00', 31),
	(7944, '2024-04-27', '09:52:00', '17:51:00', 31),
	(7945, '2024-04-28', '09:12:00', '17:38:00', 31),
	(7946, '2024-04-29', '08:49:00', '17:35:00', 31),
	(7947, '2024-04-30', '10:11:00', '17:54:00', 31),
	(7948, '2024-05-01', '10:13:00', '16:30:00', 31),
	(7949, '2024-05-02', '11:04:00', '16:09:00', 31),
	(7950, '2024-05-03', '10:19:00', '16:09:00', 31),
	(7951, '2024-05-04', '11:02:00', '16:20:00', 31),
	(7952, '2024-05-05', '11:17:00', '17:39:00', 31),
	(7953, '2024-05-06', '08:23:00', '17:19:00', 31),
	(7954, '2024-05-07', '11:20:00', '17:37:00', 31),
	(7955, '2024-05-08', '10:41:00', '17:20:00', 31),
	(7956, '2024-05-09', '11:23:00', '16:12:00', 31),
	(7957, '2024-05-10', '11:35:00', '16:10:00', 31),
	(7958, '2024-05-11', '11:45:00', '17:59:00', 31),
	(7959, '2024-05-12', '08:23:00', '17:59:00', 31),
	(7960, '2024-05-13', '08:20:00', '16:40:00', 31),
	(7961, '2024-05-14', '09:23:00', '17:00:00', 31),
	(7962, '2024-05-15', '10:18:00', '17:36:00', 31),
	(7963, '2024-05-16', '10:21:00', '16:21:00', 31),
	(7964, '2024-05-17', '11:49:00', '17:33:00', 31),
	(7965, '2024-05-18', '08:33:00', '16:15:00', 31),
	(7966, '2024-05-19', '09:16:00', '16:29:00', 31),
	(7967, '2024-05-20', '08:27:00', '16:20:00', 31),
	(7968, '2024-05-21', '09:06:00', '16:18:00', 31),
	(7969, '2024-05-22', '10:47:00', '16:08:00', 31),
	(7970, '2024-05-23', '10:08:00', '16:05:00', 31),
	(7971, '2024-05-24', '09:55:00', '16:11:00', 31),
	(7972, '2024-05-25', '10:23:00', '17:49:00', 31),
	(7973, '2024-05-26', '10:49:00', '17:10:00', 31),
	(7974, '2024-05-27', '09:57:00', '17:18:00', 31),
	(7975, '2024-05-28', '10:43:00', '16:52:00', 31),
	(7976, '2024-05-29', '09:50:00', '16:52:00', 31),
	(7977, '2024-05-30', '09:41:00', '17:58:00', 31),
	(7978, '2024-05-31', '08:33:00', '17:59:00', 31),
	(7979, '2024-06-01', '10:35:00', '17:45:00', 31),
	(7980, '2024-06-02', '08:34:00', '16:51:00', 31),
	(7981, '2024-06-03', '08:53:00', '16:42:00', 31),
	(7982, '2024-06-04', '10:23:00', '17:51:00', 31),
	(7983, '2024-06-05', '08:16:00', '17:09:00', 31),
	(7984, '2024-06-06', '10:29:00', '16:55:00', 31),
	(7985, '2024-06-07', '11:39:00', '16:29:00', 31),
	(7986, '2024-06-08', '10:29:00', '17:35:00', 31),
	(7987, '2024-06-09', '11:36:00', '17:51:00', 31),
	(7988, '2024-06-10', '11:53:00', '16:55:00', 31),
	(7989, '2024-06-11', '08:27:00', '16:16:00', 31),
	(7990, '2024-06-12', '08:34:00', '17:47:00', 31),
	(7991, '2024-06-13', '11:56:00', '17:13:00', 31),
	(7992, '2024-06-14', '10:58:00', '17:10:00', 31),
	(7993, '2024-06-15', '08:10:00', '17:34:00', 31),
	(7994, '2024-06-16', '10:25:00', '16:49:00', 31),
	(7995, '2024-06-17', '11:48:00', '17:09:00', 31),
	(7996, '2024-06-18', '11:41:00', '17:15:00', 31),
	(7997, '2024-06-19', '08:00:00', '16:34:00', 31),
	(7998, '2024-06-20', '09:11:00', '17:39:00', 31),
	(7999, '2024-06-21', '08:40:00', '17:30:00', 31),
	(8000, '2024-06-22', '11:17:00', '17:55:00', 31),
	(8001, '2024-06-23', '08:54:00', '16:14:00', 31),
	(8002, '2024-06-24', '08:24:00', '17:05:00', 31),
	(8003, '2024-06-25', '09:57:00', '17:07:00', 31),
	(8004, '2024-06-26', '11:57:00', '16:09:00', 31),
	(8005, '2024-06-27', '08:48:00', '16:37:00', 31),
	(8006, '2024-06-28', '08:50:00', '17:51:00', 31),
	(8007, '2024-06-29', '10:00:00', '16:22:00', 31),
	(8008, '2024-06-30', '11:19:00', '16:23:00', 31),
	(8009, '2024-04-01', '09:43:00', '17:10:00', 32),
	(8010, '2024-04-02', '09:11:00', '17:14:00', 32),
	(8011, '2024-04-03', '11:13:00', '16:42:00', 32),
	(8012, '2024-04-04', '08:46:00', '16:37:00', 32),
	(8013, '2024-04-05', '08:31:00', '16:10:00', 32),
	(8014, '2024-04-06', '11:33:00', '16:39:00', 32),
	(8015, '2024-04-07', '10:44:00', '17:44:00', 32),
	(8016, '2024-04-08', '10:52:00', '17:53:00', 32),
	(8017, '2024-04-09', '08:25:00', '17:37:00', 32),
	(8018, '2024-04-10', '09:01:00', '17:49:00', 32),
	(8019, '2024-04-11', '08:50:00', '17:53:00', 32),
	(8020, '2024-04-12', '10:19:00', '16:13:00', 32),
	(8021, '2024-04-13', '10:01:00', '16:12:00', 32),
	(8022, '2024-04-14', '10:11:00', '16:26:00', 32),
	(8023, '2024-04-15', '11:59:00', '17:21:00', 32),
	(8024, '2024-04-16', '09:30:00', '17:43:00', 32),
	(8025, '2024-04-17', '10:16:00', '17:15:00', 32),
	(8026, '2024-04-18', '10:18:00', '16:45:00', 32),
	(8027, '2024-04-19', '09:41:00', '17:43:00', 32),
	(8028, '2024-04-20', '08:24:00', '17:51:00', 32),
	(8029, '2024-04-21', '09:54:00', '16:39:00', 32),
	(8030, '2024-04-22', '10:45:00', '17:41:00', 32),
	(8031, '2024-04-23', '09:59:00', '17:11:00', 32),
	(8032, '2024-04-24', '09:51:00', '17:18:00', 32),
	(8033, '2024-04-25', '10:08:00', '17:16:00', 32),
	(8034, '2024-04-26', '11:55:00', '16:07:00', 32),
	(8035, '2024-04-27', '09:15:00', '16:38:00', 32),
	(8036, '2024-04-28', '10:50:00', '17:51:00', 32),
	(8037, '2024-04-29', '10:18:00', '17:35:00', 32),
	(8038, '2024-04-30', '08:53:00', '17:43:00', 32),
	(8039, '2024-05-01', '09:27:00', '16:56:00', 32),
	(8040, '2024-05-02', '10:19:00', '17:41:00', 32),
	(8041, '2024-05-03', '09:37:00', '16:16:00', 32),
	(8042, '2024-05-04', '10:55:00', '16:23:00', 32),
	(8043, '2024-05-05', '09:02:00', '16:37:00', 32),
	(8044, '2024-05-06', '09:52:00', '17:23:00', 32),
	(8045, '2024-05-07', '10:24:00', '16:08:00', 32),
	(8046, '2024-05-08', '10:19:00', '17:13:00', 32),
	(8047, '2024-05-09', '11:34:00', '16:02:00', 32),
	(8048, '2024-05-10', '10:29:00', '17:38:00', 32),
	(8049, '2024-05-11', '10:58:00', '16:55:00', 32),
	(8050, '2024-05-12', '08:07:00', '16:44:00', 32),
	(8051, '2024-05-13', '11:30:00', '16:01:00', 32),
	(8052, '2024-05-14', '11:43:00', '16:05:00', 32),
	(8053, '2024-05-15', '08:34:00', '17:55:00', 32),
	(8054, '2024-05-16', '08:57:00', '16:23:00', 32),
	(8055, '2024-05-17', '11:29:00', '16:31:00', 32),
	(8056, '2024-05-18', '08:45:00', '17:18:00', 32),
	(8057, '2024-05-19', '11:45:00', '16:02:00', 32),
	(8058, '2024-05-20', '11:34:00', '17:19:00', 32),
	(8059, '2024-05-21', '09:01:00', '17:32:00', 32),
	(8060, '2024-05-22', '10:14:00', '16:57:00', 32),
	(8061, '2024-05-23', '11:46:00', '16:18:00', 32),
	(8062, '2024-05-24', '10:22:00', '16:12:00', 32),
	(8063, '2024-05-25', '08:09:00', '16:02:00', 32),
	(8064, '2024-05-26', '10:32:00', '17:24:00', 32),
	(8065, '2024-05-27', '09:00:00', '16:55:00', 32),
	(8066, '2024-05-28', '08:56:00', '17:08:00', 32),
	(8067, '2024-05-29', '10:22:00', '17:28:00', 32),
	(8068, '2024-05-30', '11:53:00', '16:40:00', 32),
	(8069, '2024-05-31', '08:26:00', '17:19:00', 32),
	(8070, '2024-06-01', '11:07:00', '16:13:00', 32),
	(8071, '2024-06-02', '08:04:00', '16:07:00', 32),
	(8072, '2024-06-03', '11:41:00', '16:34:00', 32),
	(8073, '2024-06-04', '09:37:00', '16:00:00', 32),
	(8074, '2024-06-05', '08:30:00', '17:31:00', 32),
	(8075, '2024-06-06', '11:29:00', '16:00:00', 32),
	(8076, '2024-06-07', '11:49:00', '16:38:00', 32),
	(8077, '2024-06-08', '08:16:00', '16:49:00', 32),
	(8078, '2024-06-09', '10:38:00', '17:10:00', 32),
	(8079, '2024-06-10', '09:59:00', '16:35:00', 32),
	(8080, '2024-06-11', '11:48:00', '17:21:00', 32),
	(8081, '2024-06-12', '10:22:00', '16:24:00', 32),
	(8082, '2024-06-13', '09:55:00', '16:23:00', 32),
	(8083, '2024-06-14', '08:29:00', '16:47:00', 32),
	(8084, '2024-06-15', '11:29:00', '17:43:00', 32),
	(8085, '2024-06-16', '11:09:00', '16:40:00', 32),
	(8086, '2024-06-17', '10:31:00', '16:46:00', 32),
	(8087, '2024-06-18', '09:58:00', '17:32:00', 32),
	(8088, '2024-06-19', '10:54:00', '16:44:00', 32),
	(8089, '2024-06-20', '11:04:00', '17:51:00', 32),
	(8090, '2024-06-21', '08:48:00', '16:48:00', 32),
	(8091, '2024-06-22', '08:32:00', '16:27:00', 32),
	(8092, '2024-06-23', '09:30:00', '17:18:00', 32),
	(8093, '2024-06-24', '09:13:00', '16:12:00', 32),
	(8094, '2024-06-25', '08:53:00', '16:19:00', 32),
	(8095, '2024-06-26', '08:33:00', '17:20:00', 32),
	(8096, '2024-06-27', '08:58:00', '16:00:00', 32),
	(8097, '2024-06-28', '11:59:00', '17:02:00', 32),
	(8098, '2024-06-29', '11:56:00', '16:32:00', 32),
	(8099, '2024-06-30', '08:32:00', '17:52:00', 32),
	(8100, '2024-04-01', '11:07:00', '16:16:00', 33),
	(8101, '2024-04-02', '11:40:00', '16:34:00', 33),
	(8102, '2024-04-03', '10:48:00', '17:18:00', 33),
	(8103, '2024-04-04', '08:32:00', '16:34:00', 33),
	(8104, '2024-04-05', '08:09:00', '16:21:00', 33),
	(8105, '2024-04-06', '11:07:00', '17:15:00', 33),
	(8106, '2024-04-07', '11:47:00', '16:25:00', 33),
	(8107, '2024-04-08', '09:06:00', '16:16:00', 33),
	(8108, '2024-04-09', '09:44:00', '16:13:00', 33),
	(8109, '2024-04-10', '09:54:00', '17:16:00', 33),
	(8110, '2024-04-11', '09:24:00', '16:18:00', 33),
	(8111, '2024-04-12', '10:46:00', '17:50:00', 33),
	(8112, '2024-04-13', '08:22:00', '17:46:00', 33),
	(8113, '2024-04-14', '11:36:00', '17:36:00', 33),
	(8114, '2024-04-15', '11:50:00', '16:51:00', 33),
	(8115, '2024-04-16', '10:19:00', '17:53:00', 33),
	(8116, '2024-04-17', '09:14:00', '17:24:00', 33),
	(8117, '2024-04-18', '09:43:00', '16:08:00', 33),
	(8118, '2024-04-19', '11:02:00', '16:53:00', 33),
	(8119, '2024-04-20', '11:57:00', '17:32:00', 33),
	(8120, '2024-04-21', '08:34:00', '16:40:00', 33),
	(8121, '2024-04-22', '09:33:00', '16:19:00', 33),
	(8122, '2024-04-23', '11:28:00', '16:32:00', 33),
	(8123, '2024-04-24', '10:57:00', '17:21:00', 33),
	(8124, '2024-04-25', '08:44:00', '17:22:00', 33),
	(8125, '2024-04-26', '10:34:00', '16:01:00', 33),
	(8126, '2024-04-27', '08:50:00', '16:39:00', 33),
	(8127, '2024-04-28', '08:52:00', '16:36:00', 33),
	(8128, '2024-04-29', '08:44:00', '16:27:00', 33),
	(8129, '2024-04-30', '08:52:00', '17:26:00', 33),
	(8130, '2024-05-01', '11:26:00', '17:54:00', 33),
	(8131, '2024-05-02', '10:09:00', '17:26:00', 33),
	(8132, '2024-05-03', '10:15:00', '17:14:00', 33),
	(8133, '2024-05-04', '10:57:00', '16:59:00', 33),
	(8134, '2024-05-05', '08:11:00', '17:21:00', 33),
	(8135, '2024-05-06', '08:42:00', '17:46:00', 33),
	(8136, '2024-05-07', '10:44:00', '16:22:00', 33),
	(8137, '2024-05-08', '11:32:00', '16:53:00', 33),
	(8138, '2024-05-09', '11:07:00', '16:37:00', 33),
	(8139, '2024-05-10', '11:23:00', '16:07:00', 33),
	(8140, '2024-05-11', '11:10:00', '17:45:00', 33),
	(8141, '2024-05-12', '09:50:00', '16:30:00', 33),
	(8142, '2024-05-13', '10:05:00', '16:39:00', 33),
	(8143, '2024-05-14', '08:28:00', '16:51:00', 33),
	(8144, '2024-05-15', '08:39:00', '17:30:00', 33),
	(8145, '2024-05-16', '08:08:00', '17:10:00', 33),
	(8146, '2024-05-17', '11:52:00', '17:51:00', 33),
	(8147, '2024-05-18', '10:18:00', '16:28:00', 33),
	(8148, '2024-05-19', '08:41:00', '17:11:00', 33),
	(8149, '2024-05-20', '09:31:00', '17:02:00', 33),
	(8150, '2024-05-21', '08:25:00', '16:05:00', 33),
	(8151, '2024-05-22', '09:31:00', '17:54:00', 33),
	(8152, '2024-05-23', '11:40:00', '17:03:00', 33),
	(8153, '2024-05-24', '08:13:00', '17:10:00', 33),
	(8154, '2024-05-25', '10:43:00', '16:41:00', 33),
	(8155, '2024-05-26', '08:16:00', '16:14:00', 33),
	(8156, '2024-05-27', '11:29:00', '17:52:00', 33),
	(8157, '2024-05-28', '08:46:00', '16:24:00', 33),
	(8158, '2024-05-29', '11:38:00', '16:30:00', 33),
	(8159, '2024-05-30', '11:57:00', '17:47:00', 33),
	(8160, '2024-05-31', '10:32:00', '16:48:00', 33),
	(8161, '2024-06-01', '09:04:00', '16:34:00', 33),
	(8162, '2024-06-02', '08:39:00', '16:02:00', 33),
	(8163, '2024-06-03', '11:44:00', '16:31:00', 33),
	(8164, '2024-06-04', '10:14:00', '17:07:00', 33),
	(8165, '2024-06-05', '11:12:00', '16:42:00', 33),
	(8166, '2024-06-06', '09:00:00', '17:19:00', 33),
	(8167, '2024-06-07', '11:11:00', '17:54:00', 33),
	(8168, '2024-06-08', '11:22:00', '17:50:00', 33),
	(8169, '2024-06-09', '10:35:00', '17:52:00', 33),
	(8170, '2024-06-10', '11:13:00', '16:24:00', 33),
	(8171, '2024-06-11', '08:29:00', '16:41:00', 33),
	(8172, '2024-06-12', '08:30:00', '16:25:00', 33),
	(8173, '2024-06-13', '11:46:00', '16:14:00', 33),
	(8174, '2024-06-14', '08:16:00', '17:08:00', 33),
	(8175, '2024-06-15', '10:29:00', '17:43:00', 33),
	(8176, '2024-06-16', '11:42:00', '17:17:00', 33),
	(8177, '2024-06-17', '11:27:00', '16:46:00', 33),
	(8178, '2024-06-18', '11:19:00', '17:28:00', 33),
	(8179, '2024-06-19', '09:45:00', '16:58:00', 33),
	(8180, '2024-06-20', '10:27:00', '17:41:00', 33),
	(8181, '2024-06-21', '08:58:00', '17:15:00', 33),
	(8182, '2024-06-22', '08:14:00', '16:56:00', 33),
	(8183, '2024-06-23', '10:59:00', '16:06:00', 33),
	(8184, '2024-06-24', '10:57:00', '17:24:00', 33),
	(8185, '2024-06-25', '08:44:00', '17:19:00', 33),
	(8186, '2024-06-26', '08:45:00', '17:42:00', 33),
	(8187, '2024-06-27', '09:18:00', '17:16:00', 33),
	(8188, '2024-06-28', '08:45:00', '17:44:00', 33),
	(8189, '2024-06-29', '10:52:00', '17:37:00', 33),
	(8190, '2024-06-30', '11:44:00', '17:28:00', 33),
	(8191, '2024-04-01', '08:37:00', '16:12:00', 34),
	(8192, '2024-04-02', '08:02:00', '16:00:00', 34),
	(8193, '2024-04-03', '09:58:00', '16:03:00', 34),
	(8194, '2024-04-04', '11:58:00', '17:25:00', 34),
	(8195, '2024-04-05', '11:13:00', '16:46:00', 34),
	(8196, '2024-04-06', '11:51:00', '17:42:00', 34),
	(8197, '2024-04-07', '10:22:00', '16:17:00', 34),
	(8198, '2024-04-08', '09:00:00', '17:20:00', 34),
	(8199, '2024-04-09', '10:10:00', '16:11:00', 34),
	(8200, '2024-04-10', '10:21:00', '17:57:00', 34),
	(8201, '2024-04-11', '11:17:00', '16:35:00', 34),
	(8202, '2024-04-12', '10:06:00', '16:06:00', 34),
	(8203, '2024-04-13', '11:30:00', '17:45:00', 34),
	(8204, '2024-04-14', '09:13:00', '16:54:00', 34),
	(8205, '2024-04-15', '09:19:00', '16:01:00', 34),
	(8206, '2024-04-16', '09:34:00', '16:35:00', 34),
	(8207, '2024-04-17', '10:44:00', '17:05:00', 34),
	(8208, '2024-04-18', '11:11:00', '17:18:00', 34),
	(8209, '2024-04-19', '09:44:00', '16:29:00', 34),
	(8210, '2024-04-20', '10:34:00', '16:53:00', 34),
	(8211, '2024-04-21', '08:37:00', '17:35:00', 34),
	(8212, '2024-04-22', '08:40:00', '17:53:00', 34),
	(8213, '2024-04-23', '08:59:00', '17:10:00', 34),
	(8214, '2024-04-24', '09:17:00', '16:26:00', 34),
	(8215, '2024-04-25', '09:53:00', '17:29:00', 34),
	(8216, '2024-04-26', '09:24:00', '17:16:00', 34),
	(8217, '2024-04-27', '09:13:00', '16:39:00', 34),
	(8218, '2024-04-28', '09:09:00', '16:33:00', 34),
	(8219, '2024-04-29', '11:54:00', '17:26:00', 34),
	(8220, '2024-04-30', '11:19:00', '16:23:00', 34),
	(8221, '2024-05-01', '09:37:00', '16:17:00', 34),
	(8222, '2024-05-02', '11:09:00', '17:28:00', 34),
	(8223, '2024-05-03', '09:23:00', '17:27:00', 34),
	(8224, '2024-05-04', '08:31:00', '17:50:00', 34),
	(8225, '2024-05-05', '09:50:00', '17:40:00', 34),
	(8226, '2024-05-06', '11:08:00', '17:03:00', 34),
	(8227, '2024-05-07', '09:57:00', '17:04:00', 34),
	(8228, '2024-05-08', '10:46:00', '16:12:00', 34),
	(8229, '2024-05-09', '09:19:00', '16:25:00', 34),
	(8230, '2024-05-10', '08:19:00', '17:02:00', 34),
	(8231, '2024-05-11', '09:52:00', '17:40:00', 34),
	(8232, '2024-05-12', '10:56:00', '16:06:00', 34),
	(8233, '2024-05-13', '10:21:00', '17:12:00', 34),
	(8234, '2024-05-14', '11:42:00', '17:14:00', 34),
	(8235, '2024-05-15', '09:22:00', '17:27:00', 34),
	(8236, '2024-05-16', '10:02:00', '16:27:00', 34),
	(8237, '2024-05-17', '08:59:00', '17:26:00', 34),
	(8238, '2024-05-18', '09:02:00', '17:08:00', 34),
	(8239, '2024-05-19', '11:41:00', '17:22:00', 34),
	(8240, '2024-05-20', '10:04:00', '16:29:00', 34),
	(8241, '2024-05-21', '08:52:00', '16:27:00', 34),
	(8242, '2024-05-22', '08:23:00', '16:55:00', 34),
	(8243, '2024-05-23', '11:09:00', '17:02:00', 34),
	(8244, '2024-05-24', '11:15:00', '17:12:00', 34),
	(8245, '2024-05-25', '10:02:00', '17:56:00', 34),
	(8246, '2024-05-26', '08:55:00', '17:10:00', 34),
	(8247, '2024-05-27', '08:51:00', '17:55:00', 34),
	(8248, '2024-05-28', '11:58:00', '16:14:00', 34),
	(8249, '2024-05-29', '11:00:00', '16:05:00', 34),
	(8250, '2024-05-30', '11:48:00', '17:30:00', 34),
	(8251, '2024-05-31', '09:53:00', '17:58:00', 34),
	(8252, '2024-06-01', '08:59:00', '16:25:00', 34),
	(8253, '2024-06-02', '08:25:00', '17:20:00', 34),
	(8254, '2024-06-03', '10:01:00', '16:07:00', 34),
	(8255, '2024-06-04', '09:24:00', '17:21:00', 34),
	(8256, '2024-06-05', '10:42:00', '16:19:00', 34),
	(8257, '2024-06-06', '09:54:00', '17:11:00', 34),
	(8258, '2024-06-07', '09:36:00', '16:51:00', 34),
	(8259, '2024-06-08', '09:56:00', '16:05:00', 34),
	(8260, '2024-06-09', '08:20:00', '17:56:00', 34),
	(8261, '2024-06-10', '08:18:00', '16:36:00', 34),
	(8262, '2024-06-11', '08:00:00', '17:24:00', 34),
	(8263, '2024-06-12', '08:01:00', '17:18:00', 34),
	(8264, '2024-06-13', '11:13:00', '16:25:00', 34),
	(8265, '2024-06-14', '11:00:00', '16:07:00', 34),
	(8266, '2024-06-15', '08:43:00', '17:09:00', 34),
	(8267, '2024-06-16', '09:40:00', '16:20:00', 34),
	(8268, '2024-06-17', '09:42:00', '17:01:00', 34),
	(8269, '2024-06-18', '10:10:00', '16:22:00', 34),
	(8270, '2024-06-19', '08:45:00', '17:48:00', 34),
	(8271, '2024-06-20', '09:09:00', '17:45:00', 34),
	(8272, '2024-06-21', '09:30:00', '16:00:00', 34),
	(8273, '2024-06-22', '11:15:00', '17:55:00', 34),
	(8274, '2024-06-23', '08:54:00', '17:40:00', 34),
	(8275, '2024-06-24', '11:55:00', '17:12:00', 34),
	(8276, '2024-06-25', '11:04:00', '17:02:00', 34),
	(8277, '2024-06-26', '10:25:00', '16:49:00', 34),
	(8278, '2024-06-27', '08:11:00', '16:12:00', 34),
	(8279, '2024-06-28', '08:18:00', '16:15:00', 34),
	(8280, '2024-06-29', '11:46:00', '17:31:00', 34),
	(8281, '2024-06-30', '11:10:00', '17:14:00', 34),
	(8282, '2024-04-01', '11:29:00', '16:42:00', 35),
	(8283, '2024-04-02', '08:03:00', '17:04:00', 35),
	(8284, '2024-04-03', '11:46:00', '16:21:00', 35),
	(8285, '2024-04-04', '09:18:00', '16:45:00', 35),
	(8286, '2024-04-05', '11:07:00', '16:12:00', 35),
	(8287, '2024-04-06', '09:11:00', '16:22:00', 35),
	(8288, '2024-04-07', '10:36:00', '16:39:00', 35),
	(8289, '2024-04-08', '09:07:00', '17:28:00', 35),
	(8290, '2024-04-09', '09:51:00', '17:37:00', 35),
	(8291, '2024-04-10', '08:45:00', '16:32:00', 35),
	(8292, '2024-04-11', '08:25:00', '17:30:00', 35),
	(8293, '2024-04-12', '11:03:00', '16:30:00', 35),
	(8294, '2024-04-13', '10:31:00', '17:59:00', 35),
	(8295, '2024-04-14', '11:51:00', '16:48:00', 35),
	(8296, '2024-04-15', '09:44:00', '17:59:00', 35),
	(8297, '2024-04-16', '10:25:00', '17:05:00', 35),
	(8298, '2024-04-17', '08:48:00', '16:06:00', 35),
	(8299, '2024-04-18', '09:49:00', '16:36:00', 35),
	(8300, '2024-04-19', '11:52:00', '17:43:00', 35),
	(8301, '2024-04-20', '09:19:00', '17:44:00', 35),
	(8302, '2024-04-21', '08:02:00', '17:19:00', 35),
	(8303, '2024-04-22', '09:44:00', '17:19:00', 35),
	(8304, '2024-04-23', '10:15:00', '17:08:00', 35),
	(8305, '2024-04-24', '10:28:00', '17:57:00', 35),
	(8306, '2024-04-25', '11:08:00', '16:16:00', 35),
	(8307, '2024-04-26', '08:55:00', '16:44:00', 35),
	(8308, '2024-04-27', '08:20:00', '16:46:00', 35),
	(8309, '2024-04-28', '08:05:00', '16:40:00', 35),
	(8310, '2024-04-29', '10:38:00', '17:41:00', 35),
	(8311, '2024-04-30', '09:20:00', '17:57:00', 35),
	(8312, '2024-05-01', '08:56:00', '16:22:00', 35),
	(8313, '2024-05-02', '11:03:00', '16:05:00', 35),
	(8314, '2024-05-03', '10:56:00', '17:52:00', 35),
	(8315, '2024-05-04', '09:47:00', '17:01:00', 35),
	(8316, '2024-05-05', '10:52:00', '16:55:00', 35),
	(8317, '2024-05-06', '11:15:00', '16:44:00', 35),
	(8318, '2024-05-07', '08:11:00', '17:56:00', 35),
	(8319, '2024-05-08', '10:25:00', '17:29:00', 35),
	(8320, '2024-05-09', '09:20:00', '16:04:00', 35),
	(8321, '2024-05-10', '08:35:00', '16:04:00', 35),
	(8322, '2024-05-11', '09:08:00', '16:34:00', 35),
	(8323, '2024-05-12', '10:20:00', '16:41:00', 35),
	(8324, '2024-05-13', '08:12:00', '16:44:00', 35),
	(8325, '2024-05-14', '11:23:00', '16:06:00', 35),
	(8326, '2024-05-15', '08:22:00', '17:10:00', 35),
	(8327, '2024-05-16', '08:09:00', '17:47:00', 35),
	(8328, '2024-05-17', '10:46:00', '17:03:00', 35),
	(8329, '2024-05-18', '10:13:00', '17:05:00', 35),
	(8330, '2024-05-19', '10:27:00', '17:53:00', 35),
	(8331, '2024-05-20', '10:08:00', '17:42:00', 35),
	(8332, '2024-05-21', '09:13:00', '16:22:00', 35),
	(8333, '2024-05-22', '11:30:00', '17:21:00', 35),
	(8334, '2024-05-23', '09:02:00', '16:59:00', 35),
	(8335, '2024-05-24', '10:53:00', '17:08:00', 35),
	(8336, '2024-05-25', '11:39:00', '16:19:00', 35),
	(8337, '2024-05-26', '10:11:00', '16:22:00', 35),
	(8338, '2024-05-27', '10:33:00', '16:02:00', 35),
	(8339, '2024-05-28', '10:42:00', '17:47:00', 35),
	(8340, '2024-05-29', '10:06:00', '17:00:00', 35),
	(8341, '2024-05-30', '09:25:00', '16:05:00', 35),
	(8342, '2024-05-31', '10:39:00', '17:57:00', 35),
	(8343, '2024-06-01', '08:17:00', '17:14:00', 35),
	(8344, '2024-06-02', '09:34:00', '16:52:00', 35),
	(8345, '2024-06-03', '09:22:00', '16:27:00', 35),
	(8346, '2024-06-04', '11:14:00', '16:21:00', 35),
	(8347, '2024-06-05', '08:01:00', '16:36:00', 35),
	(8348, '2024-06-06', '10:56:00', '17:00:00', 35),
	(8349, '2024-06-07', '09:46:00', '17:46:00', 35),
	(8350, '2024-06-08', '11:26:00', '16:02:00', 35),
	(8351, '2024-06-09', '10:57:00', '16:51:00', 35),
	(8352, '2024-06-10', '08:59:00', '17:57:00', 35),
	(8353, '2024-06-11', '09:42:00', '16:02:00', 35),
	(8354, '2024-06-12', '08:44:00', '17:29:00', 35),
	(8355, '2024-06-13', '11:15:00', '17:05:00', 35),
	(8356, '2024-06-14', '11:34:00', '16:31:00', 35),
	(8357, '2024-06-15', '11:14:00', '17:40:00', 35),
	(8358, '2024-06-16', '10:54:00', '17:15:00', 35),
	(8359, '2024-06-17', '09:41:00', '17:14:00', 35),
	(8360, '2024-06-18', '10:39:00', '17:42:00', 35),
	(8361, '2024-06-19', '08:07:00', '17:52:00', 35),
	(8362, '2024-06-20', '08:08:00', '17:36:00', 35),
	(8363, '2024-06-21', '10:18:00', '16:07:00', 35),
	(8364, '2024-06-22', '11:48:00', '16:17:00', 35),
	(8365, '2024-06-23', '10:33:00', '16:24:00', 35),
	(8366, '2024-06-24', '10:32:00', '17:23:00', 35),
	(8367, '2024-06-25', '08:04:00', '17:51:00', 35),
	(8368, '2024-06-26', '09:33:00', '17:29:00', 35),
	(8369, '2024-06-27', '11:41:00', '16:06:00', 35),
	(8370, '2024-06-28', '10:56:00', '16:15:00', 35),
	(8371, '2024-06-29', '10:27:00', '16:36:00', 35),
	(8372, '2024-06-30', '10:19:00', '16:37:00', 35),
	(8373, '2024-04-01', '10:34:00', '16:29:00', 36),
	(8374, '2024-04-02', '09:03:00', '17:43:00', 36),
	(8375, '2024-04-03', '11:52:00', '17:02:00', 36),
	(8376, '2024-04-04', '08:45:00', '16:52:00', 36),
	(8377, '2024-04-05', '11:24:00', '16:51:00', 36),
	(8378, '2024-04-06', '10:03:00', '17:24:00', 36),
	(8379, '2024-04-07', '11:06:00', '16:18:00', 36),
	(8380, '2024-04-08', '11:14:00', '17:08:00', 36),
	(8381, '2024-04-09', '09:15:00', '17:07:00', 36),
	(8382, '2024-04-10', '08:15:00', '17:31:00', 36),
	(8383, '2024-04-11', '09:20:00', '16:15:00', 36),
	(8384, '2024-04-12', '08:24:00', '17:59:00', 36),
	(8385, '2024-04-13', '08:59:00', '16:59:00', 36),
	(8386, '2024-04-14', '11:38:00', '17:19:00', 36),
	(8387, '2024-04-15', '09:15:00', '16:48:00', 36),
	(8388, '2024-04-16', '08:46:00', '17:01:00', 36),
	(8389, '2024-04-17', '09:23:00', '16:14:00', 36),
	(8390, '2024-04-18', '09:49:00', '16:18:00', 36),
	(8391, '2024-04-19', '08:43:00', '17:38:00', 36),
	(8392, '2024-04-20', '09:50:00', '16:24:00', 36),
	(8393, '2024-04-21', '08:04:00', '17:02:00', 36),
	(8394, '2024-04-22', '08:04:00', '17:24:00', 36),
	(8395, '2024-04-23', '09:50:00', '16:26:00', 36),
	(8396, '2024-04-24', '09:50:00', '17:21:00', 36),
	(8397, '2024-04-25', '10:37:00', '16:42:00', 36),
	(8398, '2024-04-26', '08:48:00', '16:05:00', 36),
	(8399, '2024-04-27', '09:54:00', '16:52:00', 36),
	(8400, '2024-04-28', '11:13:00', '16:13:00', 36),
	(8401, '2024-04-29', '11:37:00', '16:56:00', 36),
	(8402, '2024-04-30', '08:41:00', '16:34:00', 36),
	(8403, '2024-05-01', '10:07:00', '16:56:00', 36),
	(8404, '2024-05-02', '10:02:00', '17:08:00', 36),
	(8405, '2024-05-03', '11:11:00', '16:07:00', 36),
	(8406, '2024-05-04', '09:09:00', '17:47:00', 36),
	(8407, '2024-05-05', '09:02:00', '16:40:00', 36),
	(8408, '2024-05-06', '11:32:00', '17:46:00', 36),
	(8409, '2024-05-07', '10:28:00', '16:05:00', 36),
	(8410, '2024-05-08', '10:18:00', '17:38:00', 36),
	(8411, '2024-05-09', '10:02:00', '16:06:00', 36),
	(8412, '2024-05-10', '08:35:00', '17:14:00', 36),
	(8413, '2024-05-11', '11:23:00', '16:02:00', 36),
	(8414, '2024-05-12', '10:27:00', '17:22:00', 36),
	(8415, '2024-05-13', '10:41:00', '17:42:00', 36),
	(8416, '2024-05-14', '11:56:00', '16:45:00', 36),
	(8417, '2024-05-15', '08:43:00', '17:22:00', 36),
	(8418, '2024-05-16', '09:38:00', '17:04:00', 36),
	(8419, '2024-05-17', '08:50:00', '17:37:00', 36),
	(8420, '2024-05-18', '10:25:00', '16:26:00', 36),
	(8421, '2024-05-19', '11:10:00', '16:13:00', 36),
	(8422, '2024-05-20', '11:03:00', '16:00:00', 36),
	(8423, '2024-05-21', '08:40:00', '16:26:00', 36),
	(8424, '2024-05-22', '10:31:00', '17:16:00', 36),
	(8425, '2024-05-23', '10:03:00', '16:58:00', 36),
	(8426, '2024-05-24', '10:06:00', '17:47:00', 36),
	(8427, '2024-05-25', '10:09:00', '17:59:00', 36),
	(8428, '2024-05-26', '10:26:00', '16:09:00', 36),
	(8429, '2024-05-27', '09:20:00', '16:18:00', 36),
	(8430, '2024-05-28', '11:28:00', '16:09:00', 36),
	(8431, '2024-05-29', '10:39:00', '16:40:00', 36),
	(8432, '2024-05-30', '11:08:00', '16:39:00', 36),
	(8433, '2024-05-31', '08:16:00', '17:25:00', 36),
	(8434, '2024-06-01', '08:57:00', '17:12:00', 36),
	(8435, '2024-06-02', '10:57:00', '17:14:00', 36),
	(8436, '2024-06-03', '11:24:00', '17:26:00', 36),
	(8437, '2024-06-04', '08:13:00', '17:16:00', 36),
	(8438, '2024-06-05', '10:58:00', '17:06:00', 36),
	(8439, '2024-06-06', '09:22:00', '16:28:00', 36),
	(8440, '2024-06-07', '08:56:00', '16:16:00', 36),
	(8441, '2024-06-08', '09:30:00', '17:27:00', 36),
	(8442, '2024-06-09', '11:56:00', '17:43:00', 36),
	(8443, '2024-06-10', '10:23:00', '17:45:00', 36),
	(8444, '2024-06-11', '08:47:00', '17:14:00', 36),
	(8445, '2024-06-12', '11:29:00', '17:35:00', 36),
	(8446, '2024-06-13', '10:34:00', '17:19:00', 36),
	(8447, '2024-06-14', '08:53:00', '16:27:00', 36),
	(8448, '2024-06-15', '10:06:00', '17:45:00', 36),
	(8449, '2024-06-16', '09:49:00', '16:12:00', 36),
	(8450, '2024-06-17', '10:26:00', '17:35:00', 36),
	(8451, '2024-06-18', '10:52:00', '16:20:00', 36),
	(8452, '2024-06-19', '11:02:00', '16:25:00', 36),
	(8453, '2024-06-20', '10:36:00', '16:27:00', 36),
	(8454, '2024-06-21', '08:03:00', '17:04:00', 36),
	(8455, '2024-06-22', '11:35:00', '16:19:00', 36),
	(8456, '2024-06-23', '09:51:00', '17:50:00', 36),
	(8457, '2024-06-24', '09:33:00', '17:48:00', 36),
	(8458, '2024-06-25', '08:27:00', '17:49:00', 36),
	(8459, '2024-06-26', '09:10:00', '17:27:00', 36),
	(8460, '2024-06-27', '11:05:00', '17:43:00', 36),
	(8461, '2024-06-28', '11:50:00', '17:05:00', 36),
	(8462, '2024-06-29', '09:13:00', '17:48:00', 36),
	(8463, '2024-06-30', '08:06:00', '17:26:00', 36),
	(8471, '2024-05-28', '08:00:00', '22:00:00', 6),
	(8472, '2024-06-04', '11:42:00', '12:06:00', 6),
	(8484, '2024-06-05', '09:18:00', '09:18:00', 6),
	(8485, '2024-06-05', '08:30:00', '19:52:00', 52),
	(8486, '2024-06-10', '09:23:00', '09:23:00', 52),
	(8487, '2024-06-11', '08:09:00', '08:09:00', 52),
	(8493, '2024-07-17', '07:59:00', '07:59:00', 6);

-- Dumping structure for table payroll_sys.user
CREATE TABLE IF NOT EXISTS `user` (
  `user_id` int NOT NULL AUTO_INCREMENT,
  `username` varchar(255) CHARACTER SET utf8mb4 COLLATE utf8mb4_general_ci NOT NULL DEFAULT '',
  `password` varchar(255) CHARACTER SET utf8mb4 COLLATE utf8mb4_general_ci NOT NULL DEFAULT '',
  `employee_id` int DEFAULT NULL,
  `role_id` int DEFAULT NULL,
  `verification_code` int DEFAULT NULL,
  PRIMARY KEY (`user_id`),
  UNIQUE KEY `username` (`username`),
  UNIQUE KEY `employee_id` (`employee_id`),
  UNIQUE KEY `verification_code` (`verification_code`),
  KEY `FK_user_role` (`role_id`),
  KEY `FK_user_employee` (`employee_id`),
  CONSTRAINT `FK_user_employee` FOREIGN KEY (`employee_id`) REFERENCES `employee` (`employee_id`),
  CONSTRAINT `FK_user_role` FOREIGN KEY (`role_id`) REFERENCES `role` (`role_id`)
) ENGINE=InnoDB AUTO_INCREMENT=54 DEFAULT CHARSET=utf8mb4 COLLATE=utf8mb4_general_ci;

-- Dumping data for table payroll_sys.user: ~28 rows (approximately)
INSERT INTO `user` (`user_id`, `username`, `password`, `employee_id`, `role_id`, `verification_code`) VALUES
	(7, 'villanuevaandrea mae', 'L0RaT5NSJ7xpZ4W', 11, 3, NULL),
	(8, 'san josebrad ', 'SL0RJ7xWpZ4aT5N', 12, 3, NULL),
	(9, 'romualdezalice', 'peved7jAmywPk6A', 13, 3, NULL),
	(10, 'atienzarosie ', 'jWCY2eKdNiZFCiQ', 14, 3, NULL),
	(11, 'alvaroroderick', 'Qpn27eot3R1Uv', 15, 3, NULL),
	(12, 'salcedoanthony', 'P3RQpn27eot3R1Uv', 16, 7, NULL),
	(13, 'lopezjosie ', 'jQcIeV2r2y6ulhOn', 17, 9, NULL),
	(14, 'faralamartha', '3eTV99ZITd2AFsXW', 18, 3, NULL),
	(15, 'martinezleila', 'F8iY4NJ2M2eEvVvr', 19, 3, NULL),
	(16, 'romualdezfredrick ', 'NT59mIOLyttOwpZJ', 20, 3, NULL),
	(17, 'matachristian', '3gcpAaCDVZz9JijG', 21, 3, NULL),
	(18, 'de leonselena ', 't5UziEaD8aLZXEKg', 22, 3, NULL),
	(19, 'san joseallison ', 'HmByTCa6VPjegGux', 23, 3, NULL),
	(20, 'rosariocydney ', '33imfgBfVIQ46BTn', 24, 3, NULL),
	(21, 'bautistamark ', 'FMXnpmSpz1l3knZE', 25, 3, NULL),
	(22, 'lazarodarlene ', '0G1Xc8jNuER0clcM', 26, 3, NULL),
	(23, 'delos santoskolby ', 'FCoac5NXYCrAWEKD', 27, 3, NULL),
	(24, 'santosvella ', 'xZz5C4jYHVlU2JXY', 28, 13, NULL),
	(25, 'del rosariotomas', 'Tsic7hVsWgp5meEo', 29, 3, NULL),
	(26, 'tolentinojacklyn ', '6lOrpXMJnBLMDTXg', 30, 3, NULL),
	(27, 'gutierrezpercival ', 'zNq4Ga2TdkofDZCZ', 31, 3, NULL),
	(28, 'manalaysaygarfield ', 'WWqiZNsQVx4l35nL', 32, 3, NULL),
	(29, 'villegaslizeth ', '3HSQWqGeFGpfdQtc', 33, 3, NULL),
	(30, 'carolramos', 'qGeFGpfdQtc3HSQW', 34, 3, NULL),
	(31, 'macedaemelia ', 'ujcU2HXyZdgjBbfF', 35, 3, NULL),
	(32, 'aguilardelia ', 'BuctKVpkiZQTXF5p', 36, 3, NULL),
	(33, 'castrojohn rafael', 'ff2exigRnUF1jPPC', 37, 5, NULL),
	(43, 'manuelgarcia', '5NpZ7xSL0RJ4aTW', 6, 13, NULL);

-- Dumping structure for view payroll_sys.v_department_monthly_payroll_report
-- Creating temporary table to overcome VIEW dependency errors
CREATE TABLE `v_department_monthly_payroll_report` (
	`department` VARCHAR(50) NOT NULL COLLATE 'utf8mb4_general_ci',
	`month` INT(10) NULL,
	`employee_count` BIGINT(19) NOT NULL,
	`total_gross_income` DECIMAL(42,6) NULL,
	`total_net_income` DECIMAL(42,6) NULL
) ENGINE=MyISAM;

-- Dumping structure for view payroll_sys.v_employee_allowance_cost
-- Creating temporary table to overcome VIEW dependency errors
CREATE TABLE `v_employee_allowance_cost` (
	`SUM(clothing)` DECIMAL(32,0) NULL,
	`SUM(rice)` DECIMAL(32,0) NULL,
	`SUM(phone)` DECIMAL(32,0) NULL,
	`TOTAL_ALLOWANCE` DECIMAL(32,0) NULL
) ENGINE=MyISAM;

-- Dumping structure for view payroll_sys.v_employee_timesheets
-- Creating temporary table to overcome VIEW dependency errors
CREATE TABLE `v_employee_timesheets` (
	`timesheet_id` INT(10) NOT NULL,
	`date` DATE NOT NULL,
	`time_in` TIME NOT NULL,
	`time_out` TIME NULL,
	`employee_id` INT(10) NULL,
	`regular_hours_worked` TIME NULL,
	`overtime` TIME NULL
) ENGINE=MyISAM;

-- Dumping structure for view payroll_sys.v_monthly_payroll_report
-- Creating temporary table to overcome VIEW dependency errors
CREATE TABLE `v_monthly_payroll_report` (
	`MONTH` INT(10) NULL,
	`BENEFITS` DECIMAL(32,0) NULL,
	`GROSS_INCOME` DECIMAL(42,6) NULL,
	`NET_INCOME` DECIMAL(42,6) NULL,
	`DEDUCTION_CTB` DECIMAL(42,2) NULL,
	`WITHHELD_TAX` DECIMAL(42,6) NULL
) ENGINE=MyISAM;

-- Dumping structure for view payroll_sys.v_timesheet_summary
-- Creating temporary table to overcome VIEW dependency errors
CREATE TABLE `v_timesheet_summary` (
	`employee_id` INT(10) NULL,
	`date` DATE NOT NULL,
	`total_hours_worked` DECIMAL(35,4) NULL
) ENGINE=MyISAM;

-- Dumping structure for view payroll_sys.v_department_monthly_payroll_report
-- Removing temporary table and create final VIEW structure
DROP TABLE IF EXISTS `v_department_monthly_payroll_report`;
CREATE ALGORITHM=UNDEFINED SQL SECURITY DEFINER VIEW `v_department_monthly_payroll_report` AS select `dep`.`name` AS `department`,month(`p`.`pay_period_start`) AS `month`,count(`p`.`employee_id`) AS `employee_count`,sum(`p`.`gross_income`) AS `total_gross_income`,sum(`p`.`net_income`) AS `total_net_income` from (((`payslip` `p` join `employee` `e` on((`p`.`employee_id` = `e`.`employee_id`))) join `position` `pos` on((`e`.`position_id` = `pos`.`position_id`))) join `department` `dep` on((`e`.`dept_id` = `dep`.`dept_id`))) group by `dep`.`name`,month(`p`.`pay_period_start`);

-- Dumping structure for view payroll_sys.v_employee_allowance_cost
-- Removing temporary table and create final VIEW structure
DROP TABLE IF EXISTS `v_employee_allowance_cost`;
CREATE ALGORITHM=UNDEFINED SQL SECURITY DEFINER VIEW `v_employee_allowance_cost` AS select sum(`allowance`.`clothing`) AS `SUM(clothing)`,sum(`allowance`.`rice`) AS `SUM(rice)`,sum(`allowance`.`phone`) AS `SUM(phone)`,sum(`allowance`.`total_amount`) AS `TOTAL_ALLOWANCE` from `allowance`;

-- Dumping structure for view payroll_sys.v_employee_timesheets
-- Removing temporary table and create final VIEW structure
DROP TABLE IF EXISTS `v_employee_timesheets`;
CREATE ALGORITHM=UNDEFINED SQL SECURITY DEFINER VIEW `v_employee_timesheets` AS select `t`.`timesheet_id` AS `timesheet_id`,`t`.`date` AS `date`,`t`.`time_in` AS `time_in`,`t`.`time_out` AS `time_out`,`t`.`employee_id` AS `employee_id`,sec_to_time(sum((case when (cast(`t`.`time_in` as time) < '08:00:00') then time_to_sec(timediff('08:00:00',`t`.`time_in`)) when (cast(`t`.`time_out` as time) > '17:00:00') then time_to_sec(timediff('17:00:00',`t`.`time_in`)) else time_to_sec(timediff(`t`.`time_out`,`t`.`time_in`)) end))) AS `regular_hours_worked`,sec_to_time(sum((case when (cast(`t`.`time_out` as time) > '17:00:00') then time_to_sec(timediff(`t`.`time_out`,'17:00:00')) else 0 end))) AS `overtime` from (`timesheet` `t` join `employee` `e` on((`t`.`employee_id` = `e`.`employee_id`))) where (`e`.`isActive` = 1) group by `t`.`timesheet_id`,`t`.`date`,`t`.`time_in`,`t`.`time_out`,`t`.`employee_id`;

-- Dumping structure for view payroll_sys.v_monthly_payroll_report
-- Removing temporary table and create final VIEW structure
DROP TABLE IF EXISTS `v_monthly_payroll_report`;
CREATE ALGORITHM=UNDEFINED SQL SECURITY DEFINER VIEW `v_monthly_payroll_report` AS select extract(month from `p`.`pay_period_start`) AS `MONTH`,sum(`alw`.`total_amount`) AS `BENEFITS`,sum(`p`.`gross_income`) AS `GROSS_INCOME`,sum(`p`.`net_income`) AS `NET_INCOME`,sum(`d`.`total_contribution`) AS `DEDUCTION_CTB`,sum(`tx`.`withheld_tax`) AS `WITHHELD_TAX` from (((`payslip` `p` join `deduction` `d` on((`p`.`deduction_id` = `d`.`deduction_id`))) join `tax` `tx` on((`p`.`tax_id` = `tx`.`tax_id`))) join `allowance` `alw` on((`p`.`employee_id` = `alw`.`employee_id`))) group by extract(month from `p`.`pay_period_start`);

-- Dumping structure for view payroll_sys.v_timesheet_summary
-- Removing temporary table and create final VIEW structure
DROP TABLE IF EXISTS `v_timesheet_summary`;
CREATE ALGORITHM=UNDEFINED SQL SECURITY DEFINER VIEW `v_timesheet_summary` AS select `timesheet`.`employee_id` AS `employee_id`,`timesheet`.`date` AS `date`,sum((time_to_sec(timediff(`timesheet`.`time_out`,`timesheet`.`time_in`)) / 3600)) AS `total_hours_worked` from `timesheet` group by `timesheet`.`employee_id`,`timesheet`.`date`;

/*!40103 SET TIME_ZONE=IFNULL(@OLD_TIME_ZONE, 'system') */;
/*!40101 SET SQL_MODE=IFNULL(@OLD_SQL_MODE, '') */;
/*!40014 SET FOREIGN_KEY_CHECKS=IFNULL(@OLD_FOREIGN_KEY_CHECKS, 1) */;
/*!40101 SET CHARACTER_SET_CLIENT=@OLD_CHARACTER_SET_CLIENT */;
/*!40111 SET SQL_NOTES=IFNULL(@OLD_SQL_NOTES, 1) */;
